ID,Sequence,Length,GC_Content,kmer_AAA,kmer_TTT,kmer_GGA,kmer_CTG,kmer_CAG,kmer_GAG,kmer_AGA,kmer_TGG,kmer_AGG,kmer_AAG,kmer_CCT,kmer_GAA,kmer_GCC,kmer_TTA,kmer_GGC,kmer_CCC,kmer_ATT,kmer_CTT,kmer_CCA,kmer_GCT,kmer_TAT,kmer_TAA,kmer_TCT,kmer_AGC,kmer_AAT,kmer_GTG,kmer_TCC,kmer_TGT,kmer_CTC,kmer_TGC,kmer_TTC,kmer_ATG,kmer_TGA,kmer_TTG,kmer_GCA,kmer_GGG,kmer_AGT,kmer_ACA,kmer_ATA,kmer_TCA,kmer_CAT,kmer_CAC,kmer_GTT,kmer_ACC,kmer_CAA,kmer_GGT,kmer_AAC,kmer_ACT,kmer_GAT,kmer_CGG,kmer_GAC,kmer_CCG,kmer_ATC,kmer_CGC,kmer_GCG,kmer_GTA,kmer_CTA,kmer_TAG,kmer_GTC,kmer_TAC,kmer_ACG,kmer_CGA,kmer_TCG,kmer_CGT,RNA_Type
NM_001082146.2,ATGAGTCTGCAGGTCTTAAACGACGAGAACGTCGCCGGCGACAAAAGCCCAGAAAACTGCCACTTCCTGTTTTCGTCTCCGGAAGTTACCGGCAGGTCGTCCGTTCTCCGCCTGTCCCAGAAGGAGAATGTGCCGCCCAAGAGCCTGGCCAAGGCCGCGAAGGTGACGTTCCAGACACCTGCGCGGGACCCACAGACGCACAGGGTCCTGACGCCTAGTGTGACCAGTAAGCTGGAGGCCCTTTCTGCCCTGGATGGCGGCGCTGGACCTGAGAACCCTCTCAGCGGGACGCAGAAAGAGAACCAGCAGCTCCCCAAGGAGGCGGGCCCCGGCGCAGCCAGCGGACCTCTCCAGAGGCAAGCAGTGGCCGCCACAGCCGCGACAGCCACTCCTGCGGGGCACGTGAGCTCAGCCGTCCTGCGGGGCAGTGCCTCGAGCCCCCCCCGCAGCCCGGGACGTTCCGAAAGCCAGACACTGTCCCCAGGGCCGGGACCCAGCAGCATCCCAGGCCAGCCTCCGGGGGTGGCGGCCCAACCCGCGCCAGAGACTCCGCCCAGGGCCTCACAGGGAGGCTCCCACGACGCTCTCTGCACGCCGCGGCCCACGGCTGCCTCGCCTCTCGGCACAGGTCCTAGAGAACCACACGGGGTGCTGCTCGTCTCCCCCACAGGCCTGCCCGGGGGGGCCCCGGCTCACCAAGAAGACGGAGCCCCTCCCCCTGTGGGCTCCACCCCGGTGGACCCCCTGCAGGCCAGCGGGGCCGCAGCCCCAAGTCCTCAGAAGGGACAGGCCCCTGGGACTGCACTTGGCGCACTGGGACGGAACCTCCCTGGCGAGGCCAGCAGCATGGTGCCCGTGCAAGGAGAGAGGCCCGAGGGGAGGCAGGGGCAGGCCGAGCCTGCACCCCCGGGCTCTCCCCACCTCGGCCGGGAGGAGCCGCCTGGCCCGAACCTCAGCCCGCGTGATGCTGGCCCCAAGGCTGATGGCACAGAGGCCCTGCCCCAAGAAAGCCCTGAGGCTGGCCAGCCGGGTGCGGGGCCTGTGGCTGCCGAGCCCTCGCCCCCGAGCCAGCAGCCGTGTGTGGCTTTGGTGGGCGACGCACCTGAGGTACAGACGGTGGCCGAGACCCCAGGACCAGGAGACGAGCAGGGAACCCGGGAGTCCCCCAGCACGCCGACGCCCAGGAGCTGTCCGGGCAGGGGGCCTGTGGCCCTGGAGCTGGAGGAGGAGAGCTTCAGAGACCCCGCCGAGGTCCTAGGCACGGGGGCCGAGATCGATTACCTGGAGCAGTTCGGGACCTCCTCGTTCAAGGAGTCGGCCCTGAGGAAGCAGTCCCTGTACCTGAAGTTCGATCCTCTCCTGAGAGACAGTCCTGTGCGACTCGTGCCGCTGGCCACGGCCGCTGAGGCGGACAGCACGCAGGTCGCCGCTGAGCCCTCGGGGGGCCCCCTGGACACGCTGCTCGTGGACCTGGACCTCGGGGGAGCCCTGCCTGTCCCTGTGAGCGCGTCGGGCCCCCTGGAGCCGCAGGTGCCGGCCCAACCCCTGTGTATCCTGGAGCCCAGCTGTCCACCCCTGCCCGTGGGGCCCATCGTGGACGTGCTGCGGTACAGCCAGCGAGACCTGGACGCCGCAGTGCAGGCGGCACAGCAGGAGAACCTGGAGCTGAGGAGCCGGTGTGAGGAGCTCCACACCAAGAACCTGGAGATGGGGAAGATCATGGACGGGTTTGAGGGGATCGTGTACCAGGCGATGGAGGAGGTCCAGAGGCAGAAGGAGGCTGCCAGAGCGGAAGTGCAGAAGGTCCTGAAGGACAGGGAGCAGCTCGCCGCGGACCTGAGCTCCACGGAGAAGTCCTTCTCCGACCTCTTCAAGCGCTTCGAGAAGCAGAAGGAGGTGATCGGCGGCTACCGCAAGAACGAGGAGTCGCTGAAGAAGTGCGTGGAGGACTACGCGGCGCGGGTGGAGAAGGAGGCCCAGAGGTACCAGGCGCTGAAGGCCCACGCGGAGGAGAAGCTCAAGCTGGCGAGCGAGGAGATCGCCCAGGTCCGCAGCAAGGCCCAGGCGGAGGCCCTGGCCTTCCAGGCGAGCATGAGGAAGGCGCAGATGCAGATCCAGTCGCTGGAGAAGACCGTGGAGCAGAAGGTGAAGGAGAACGAGGAGCTGACGCGGATCTGCGACGACCTCATCTCCAAGATGGAGAAGATCTGAGCTCGCTGCTGCTTTCAGCCGCTCTCTTTGGCTGCTGAATAAAGTTCCCCTTAGGCTGCAAAAAAAAAAAA,2282,67.44084136722174,11,6,77,80,86,90,54,49,82,47,70,42,99,4,84,67,1,13,60,48,1,3,18,68,2,39,46,18,43,40,16,12,29,4,53,43,20,21,1,13,6,33,10,41,20,26,15,10,17,56,48,56,13,54,44,7,5,4,29,9,35,34,29,22,mRNA
NM_001434822.1,ATACTCTGGCGATCTGTAGCGTTTGCCTCAGGGCTGCGCGTGGGCCCGGTGGCGGTTGCTGTGCTCCCGCGTCGCTCCCTGGGCAGCGGGAGCTGCTGTAGAGATTTAACTCAAGAATTGGAAGATATTTTTAAGGCAAAGATACTCTCCCTCAAAGAAGCAAAGATCACAGAGAAGCATGTACACTGAAGAACCACAAAATGAACACTTGGAGGATGAAAATGTCCAGTCATCTACAACTCCTGAGATCCTCAAAGCTACCAGTGCTAATGAACATGAAGAAACTAAGGAAACCATCTTGCCAGAAACAGAGGAAACAAAACCACAGATGGAAAAGAAGGGCTCTTGTCCTCCACAAGGAACACTGAATAAAGCTATTACAAATGGAGCTATACTTTTTATGATATGGTGTGTAGTCTGGGCATTCTCAGGCCCTGAAGTTCTTCCTAATGGAAGTTTATTTGGACTGTTAGTTATCTTTTATTGTGCCCTTATTGGGGGGAAACTTTTAGAAGTCATTAGACTACCTTCAGTGCCTGAAATTCCTCCTCTTCTTGGTAACATATCTAGTAACGTCCTATCCTCTCTTCGGGATGTAATTCTTGGTGTGCTTTTAGGAATTGTTTTGGGAATGTTTGCTCGACATTTTCCAGGTAGCGATCAGGGAAAACTTGAAGTGAAGAGAGCATTTTTAATTTTGAGTATGTGTATTTCTGCTGTCTTAGGCAGCCACCGATTTGGTATGAACACAGCTGGAGGATTGTGCGCACTAGTATTGAGTTTTACTGCAGGGACAGGTTGGTCCAAAGAAAAGGTTAGAGTCCAAAAAATCATTGGAACTGCATGGGATATTTTCCAACCTCTTCTTTTTGGTTTGGTTGGAGCAGAAGTATCTGTTTTATCTCTTAAATCAAATGCTATTGGCCTTTCTGTTGGTACCATGAGTTTGGCATTATTGATTAGAATTTCTTTTACATTTGTGTTGATGTCTTGTGCTGGTTTTAATTTTAAGGAGAAAATATTTATTGCTTTATCATGGATGCCGAAAGCTACAGTCCAGGCTGTATTAGGTCCTCTGGCTCTAGAAAAAGCAAGAATGAGTGCACCCCATTTGGAATCATATTCGGAGGATGTGATGACAGTAGCCTTTTTAGCCATCTTGATCACAGCTCCAAATGGAGCTCTAATTATTGGCATTCTGGGACCTAAAGTACTCACTCGCTATGATAAAAGCAAAGTGAAAATGGAGTTATCAGGATTAGAACTTCATTAAAAAGTTGATTTGCCATCACTTGCCTGCTTCTCTTAATGAATTCTCTTACATAAGAGAAAAATTAAAAGGTACACATATGTGAAGAATGAACATAGAAGCAAAGTTTTAATAAATATATGATTTG,1397,40.15748031496063,36,35,31,26,22,20,28,35,22,37,21,46,13,35,15,7,42,30,18,25,30,22,31,21,29,17,20,24,26,23,19,31,29,39,17,14,24,23,16,19,24,15,21,10,18,16,20,20,24,5,6,4,19,5,8,18,17,19,13,15,1,5,5,4,mRNA
NM_001434812.1,AGCAGAACAGCAGAGCCGCGGCGGCAGGCTACAGACGCCGCTGTGGCCGCGGAGAGAGCGCGGGCCGGCGATGCGGCCCCTGGATGATACTGGGGCCGCTAAGCGGCAGGACTCCGGGCTGCCGCTGATGGACATCCGGACCCCGAGCTCCAGGCAGGAGCCGGCGGCTGCGGAGGTGGTGGAGACGCCCGGCCCCGGAGGGTGTTGGCAGTGCCCTTCCTCGCCGTGCGGCTCGCGTGCCCAGCAGGCTGAGAAGAAAGCACCCTGTCCTGGACTTGGCTTGTTTTACACATTACTGTCTGCGTTCCTTTTCTCAGTGGGCTCCTTATTTGTTAAAAAAGTGCAAGACATCCACGCTGTAGAAATTAGTGCTTTCCGATGTGTGTTCCAAATGCTAATCATTATCCCTTGCATAATATACAGAAAATACGAGAAGATGAATTGCTCTGGACTTCACCCTTCAGGTTGTGGAGCAGCTCAGGTCCTAAACAAAGCTCAAAGGAAGGGCGGTAACATCACCAGTAAGTCGTGTAACCAAACCGGCCATTCCCTCTGAAGGCAAAGAAGCACCTACTATCGGATTAGAAGCAGAAACAAGGTGCTGATAAACTTCCTCAGGAAAAAAAAAAAAAAAAAAATTCTTTGAGAAGCAAAGGTGAGAGAATGAACAAAGTGAAAAGAAAAAGGAAAGCTACGCTAACCGGAAAGCGATAAGTGAGTTTGAACATTAACCAAGGGCAAAAGTTGGGGATATAATAATGATCACAACCTTGGTAGATAAACATGCCATTAAAGCAAGTGGAAATGGATGCCACAGGTCTCACCTGTAAAGTTGCTCTTGGGAAGAGGAGGAACCAAAGCCTGGAGCCACGTGAAGGGTTATCAGGATTGACCATGGAAAGCAAGTCAAAGGAAGAGTCAAGGTCACAACAGAGACAAGGATGTGCAACCATTCAAGGTGTGCTGTTAAAACACCCCATTATGACAGGCTCTGCACTAGCTACCGACACAGCTGCTTATATGTGCTCAGCTAGGACTAATGCCAAAAGCAGGAATCCATATAAACAGTCCTCAGTGAAAAGAGAACATCATACTAAATGTATTACATCTGTACCTTTGCCTTTTCTATATTTAGAGTTTAAATGTCTTTTATTTATGAAATGATGGTAAGGGTGGATTCCCAATGTTTGGATGGCTTCGTTCTTATGTCTTCACCTGGCAAATGTAGAAGTTGACAGTTTTATGTTGGCCCTCCAGTTTAATCATTGAAAACATTTTTGTGGTCTATAAAATTAAAAAAAGTACTGCTTAAGATTCCATCCTTTCTCATGTGTACCAGATTTTGTTTTTCTCTGGTATAATTTCAACTACTCCTTCTACCCTAGCTCCATCCCCTCAGAGCAAAAATATGCTTGAATTTCTTCCAAGTAAACCAAATTAAATGAAACCTTCCTTAAACTATCCTCCCTTCCTCTCTGGATACACCTGAGCACGGGTTTCTTCTTTAACTACCATTCTTTCCTCAACTCCCTCCCACAACTGTTTATCCCTCCACTTTTTCACACTGGCAACTTAATATTTAAAAACTATGCAATAAAAACTGTGTGATATTTCTCCACCAAAATAAAGATTAACTAAAATCA,1643,44.674376141205116,56,28,33,29,32,23,29,29,30,46,34,35,21,30,28,19,29,33,29,32,23,38,23,28,29,27,34,28,29,26,31,30,25,22,26,12,22,28,21,26,23,21,21,25,33,18,31,23,23,20,14,17,17,12,14,14,22,9,12,18,7,6,5,6,mRNA
NM_001434811.1,AGCAGAACAGCAGAGCCGCGGCGGCAGGCTACAGACGCCGCTGTGGCCGCGGAGAGAGCGCGGGCCGGCGATGCGGCCCCTGGATGATACTGGGGCCGCTAAGCGGCAGGACTCCGGGCTGCCGCTGATGGACATCCGGACCCCGAGCTCCAGGCAGGAGCCGGCGGCTGCGGAGGTGGTGGAGACGCCCGGCCCCGGAGGGTGTTGGCAGTGCCCTTCCTCGCCGTGCGGCTCGCGTGCCCAGCAGGAAGCTGAGAAGAAAGCACCCTGTCCTGGACTTGGCTTGTTTTACACATTACTGTCTGCGTTCCTTTTCTCAGTGGGCTCCTTATTTGTTAAAAAAGTGCAAGACATCCACGCTGTAGAAATTAGTGCTTTCCGATGTGTGTTCCAAATGCTAATCATTATCCCTTGCATAATATACAGAAAAACTGGGTTTATAGGCCCCAAAGGTCAACGAATCTACCTGCTCCTCAGAGGAGTCCTTGGTTCTAACGCCATGATCCTTTTGTACTATGCCTACCAGCTGACGTCTCTCGCAGATGCCACAGTTATCTCCTTTAGCTGCCCGGTGTTCACCTCTATAATTGCTTGCATATTTCTCAAGGAAAAATACAGCCCCTGGGACGCCCTCTTCACTGCCTTCACCATCACTGGAGTGATACTGATCGTGAGGCCACCATTTTTGTTCGGTTCTGAAGTCGTGGAGGCGGATAAAGACTATTCAGTTCACGTGAAGGGCGCTTTGGTGGCCCTTGCGCACGCTGTGTTAGCTGCCATGACTCTGGTTATCCTCAGAAAAATAGGGACATCTGTGGACTACATATTGAGCATTTGGTATTATGTAATCTTTGGCCTCATCGAGTGTGTCATTGTCCTTTCTATTTTAGGAGAATGGCGTCTTCCGCACTGTGGGTTGGACAGGCTATTTCTCATACTAATTGGGATGTTTGGTTTGGGAGGTCAGATGTTTCTGGCAAAAGCCCTTCAGATAGAAAAGGCAGGGCCAGTAGCATTAATGAGGACCATGGACGTGGTCTTTGCTTTTATCTTTCAGATTATTTTCTTTAATGACATGCCATCATGGTGGACAGTGGGTGGCTCCCTATGCGTCATAGCCAGTAACACTGGAGCAGCCATTCGTAAATGGTGCCAGAGTACCAAATAAAGCATCACTGCCGAAATGTGTATTTTTTAAAAGTACACCGTCACCCAGTTTAGACACATAGTGGACACACACACACCTGGAAAATCTGCATTTACTTCATTGATTATATTTAATACGTTTTATAAAGTATCATCTTTAATTAGTTGAGAATAAGCCAGTCAGTTGGGTGTAGCAGTGATTTCTTTGGTCAATTATTTTTGGTTTTGGCTTTTTGTTGTTGTTGGGGTGGCATTGGTAGGCGTTGGTAAGAGGATACATCATTCGTTGAAGAAAAACTGCACAATTTTTGACTCTAAGTATAAATTATGTAATTTTTAGAAGTGTATTTTTGGTATTGATGGGATATAGATGGGAGGAAACTTTTAGATTCTCTTTCAGCAGTGTAGAGGCTGAAAAACTTACTGATAATAATGCTGCTATATAGTTAGTCTTATGCTGAGAATTCATTTGAAATGTAATCCCATTTAGGAGGCCAAAGCTGAAACTTGGAGTAGGTGCCTACTTAATGGTATTAATAAAACAAATGAATTAGCCTTATTTTCAAGGCTTTTATAAACAATTGTCATTCTTTTAACCCGTATTTGTGCCTTTTCACTTTAATGCTAAAACTTTTATGCATAAACTTAAAAAAAAAATCTTCCCATCACCAAATCTGGCTAATAGTTTTCTGTTTTAGTGGCATTAGCAACTGTAGCTACATTCTGTAATTATAATTGTCCGGTGTTTTTTTTTTGAAACACCCCTAAATTTTTCTTAACCTTAAAAGATTTTAGGTGTTTAAAAATCATAAGAAAGAAATCTTGGCATGACCAGTATGCACATTTCCATTCTGAAGTGTTTTCCCTATAATAGAAATGTGATTTTCTATAAATTTTCTTTGAATTTATGGTGTGATGCCAAATAAAATTTTCTCAGGGTTTTATTCACTTTAACCATAGGAAACTGATGAGATTTTACCTTTTCACATTACAAAAACCATAGTTCCTTATGGTTCACCCTATTAAGATACCTCTCTTACTTTCTAAACCAAATACTTAAGGGACTTCGGAGTATATTTTTTAAATTACTTTTTAAAATATAGTAATCCTAGTAAACTTATTTTTATAGTCTTTTTCCCTTATGGGATTTTATATAATAATGCTTCATGTTATATATTAAATGTAAAGACCTGTGAATCCACAATTAATTGAGTTTTGTAATTTCTTGAAAAAAAAAATCACTGTTAAATTCTAGTATATCAGTATGATCTTAAGTGTCAGTGCTGAACCATGATACTATCCTCATGAGTTCAAACAACACATTTTATGTCTGGAATTTCATCAGGCCAGTATTCTGTAGTTAAAGAGAGAATGTAATATTTAGGAGAACTTGAGAGGTTAATCAGGAAATAGAGAGTACATACTAATGGTTCTTTGTCACAGTGAACCCTTTATTGGTGGGGCTTCAGCTCTTACTGTATCAGACCTAGCATCTGTTATTTTAAGCCTACAGATTTGAATGCTTATAGGCTCTTTCCCATTGTTTCATCATAAATCTGCCAAAGTAAGAAAGAACTTGGCTTCCAAGGTTTATGCCATGGTGAGAAACGATCTTTTCCAGTAGTTCCCGGAGGAAATTTTTGGCTTGCTGATCTTCCCAAATGCTTCCCACCAGACAAATCCTAAATGAAGTCTATTTAGGAGAGTCACACTATTATTATAACTTTAGCCTATTCTGCAGTATTCAAGTTTAAAGTTGCAGAACCATCATTTTGCAAGTATGTTAGATAATTATAGACTTGGAGCTTTTTAAGGCTCAAAGGTTAGAAATCCTCTTGTAGGAGACATACTCCATGGTTAGGGATGCTAGGGAGGGGACCTGCCCAAGATGGGTTTCCATGGTCTTATTTATCCCTCCTTTATTTCCACGGTAAAGTATGGAAAATAAACCACTGCTTGAGATATCTAAGGTTAATAAACTCTTAGGGATGCCTCTCCTGGTTCTCTACCTTGCACAATAAAAGAACCTATGAGACCTTGAAAGTTACATCCCTCTGGGCCTGTACATTTCAACAAAGTGGTTTAAGTGCTTGAATGTCACAATATATGACCAAAGTTGGAGAAAATGTTTCTTCTCCTGACTTTTACAGGGTGTGATTCTTAAACACTTTTATAATGTCCGAGTTATATACAAGGATATGTATTGTAACAATTGTGGGTGTGTATATTTTGCAAAGACATCAGTTCCTATATCTTGAAAAGGAAACTATTTTCATAAACTGCTTCTATTTTATAATTACTAATAAAATTAATATGAAAG,3466,39.38257357184074,88,106,55,60,53,46,59,74,52,55,57,56,46,104,46,31,97,89,49,50,87,89,66,33,88,52,47,64,34,54,75,67,56,69,36,30,63,47,71,60,65,39,62,35,37,47,39,52,41,22,33,22,48,18,18,49,43,51,27,38,13,8,10,16,mRNA
NM_001082146.2,ATGAGTCTGCAGGTCTTAAACGACGAGAACGTCGCCGGCGACAAAAGCCCAGAAAACTGCCACTTCCTGTTTTCGTCTCCGGAAGTTACCGGCAGGTCGTCCGTTCTCCGCCTGTCCCAGAAGGAGAATGTGCCGCCCAAGAGCCTGGCCAAGGCCGCGAAGGTGACGTTCCAGACACCTGCGCGGGACCCACAGACGCACAGGGTCCTGACGCCTAGTGTGACCAGTAAGCTGGAGGCCCTTTCTGCCCTGGATGGCGGCGCTGGACCTGAGAACCCTCTCAGCGGGACGCAGAAAGAGAACCAGCAGCTCCCCAAGGAGGCGGGCCCCGGCGCAGCCAGCGGACCTCTCCAGAGGCAAGCAGTGGCCGCCACAGCCGCGACAGCCACTCCTGCGGGGCACGTGAGCTCAGCCGTCCTGCGGGGCAGTGCCTCGAGCCCCCCCCGCAGCCCGGGACGTTCCGAAAGCCAGACACTGTCCCCAGGGCCGGGACCCAGCAGCATCCCAGGCCAGCCTCCGGGGGTGGCGGCCCAACCCGCGCCAGAGACTCCGCCCAGGGCCTCACAGGGAGGCTCCCACGACGCTCTCTGCACGCCGCGGCCCACGGCTGCCTCGCCTCTCGGCACAGGTCCTAGAGAACCACACGGGGTGCTGCTCGTCTCCCCCACAGGCCTGCCCGGGGGGGCCCCGGCTCACCAAGAAGACGGAGCCCCTCCCCCTGTGGGCTCCACCCCGGTGGACCCCCTGCAGGCCAGCGGGGCCGCAGCCCCAAGTCCTCAGAAGGGACAGGCCCCTGGGACTGCACTTGGCGCACTGGGACGGAACCTCCCTGGCGAGGCCAGCAGCATGGTGCCCGTGCAAGGAGAGAGGCCCGAGGGGAGGCAGGGGCAGGCCGAGCCTGCACCCCCGGGCTCTCCCCACCTCGGCCGGGAGGAGCCGCCTGGCCCGAACCTCAGCCCGCGTGATGCTGGCCCCAAGGCTGATGGCACAGAGGCCCTGCCCCAAGAAAGCCCTGAGGCTGGCCAGCCGGGTGCGGGGCCTGTGGCTGCCGAGCCCTCGCCCCCGAGCCAGCAGCCGTGTGTGGCTTTGGTGGGCGACGCACCTGAGGTACAGACGGTGGCCGAGACCCCAGGACCAGGAGACGAGCAGGGAACCCGGGAGTCCCCCAGCACGCCGACGCCCAGGAGCTGTCCGGGCAGGGGGCCTGTGGCCCTGGAGCTGGAGGAGGAGAGCTTCAGAGACCCCGCCGAGGTCCTAGGCACGGGGGCCGAGATCGATTACCTGGAGCAGTTCGGGACCTCCTCGTTCAAGGAGTCGGCCCTGAGGAAGCAGTCCCTGTACCTGAAGTTCGATCCTCTCCTGAGAGACAGTCCTGTGCGACTCGTGCCGCTGGCCACGGCCGCTGAGGCGGACAGCACGCAGGTCGCCGCTGAGCCCTCGGGGGGCCCCCTGGACACGCTGCTCGTGGACCTGGACCTCGGGGGAGCCCTGCCTGTCCCTGTGAGCGCGTCGGGCCCCCTGGAGCCGCAGGTGCCGGCCCAACCCCTGTGTATCCTGGAGCCCAGCTGTCCACCCCTGCCCGTGGGGCCCATCGTGGACGTGCTGCGGTACAGCCAGCGAGACCTGGACGCCGCAGTGCAGGCGGCACAGCAGGAGAACCTGGAGCTGAGGAGCCGGTGTGAGGAGCTCCACACCAAGAACCTGGAGATGGGGAAGATCATGGACGGGTTTGAGGGGATCGTGTACCAGGCGATGGAGGAGGTCCAGAGGCAGAAGGAGGCTGCCAGAGCGGAAGTGCAGAAGGTCCTGAAGGACAGGGAGCAGCTCGCCGCGGACCTGAGCTCCACGGAGAAGTCCTTCTCCGACCTCTTCAAGCGCTTCGAGAAGCAGAAGGAGGTGATCGGCGGCTACCGCAAGAACGAGGAGTCGCTGAAGAAGTGCGTGGAGGACTACGCGGCGCGGGTGGAGAAGGAGGCCCAGAGGTACCAGGCGCTGAAGGCCCACGCGGAGGAGAAGCTCAAGCTGGCGAGCGAGGAGATCGCCCAGGTCCGCAGCAAGGCCCAGGCGGAGGCCCTGGCCTTCCAGGCGAGCATGAGGAAGGCGCAGATGCAGATCCAGTCGCTGGAGAAGACCGTGGAGCAGAAGGTGAAGGAGAACGAGGAGCTGACGCGGATCTGCGACGACCTCATCTCCAAGATGGAGAAGATCTGAGCTCGCTGCTGCTTTCAGCCGCTCTCTTTGGCTGCTGAATAAAGTTCCCCTTAGGCTGCAAAAAAAAAAAA,2282,67.44084136722174,11,6,77,80,86,90,54,49,82,47,70,42,99,4,84,67,1,13,60,48,1,3,18,68,2,39,46,18,43,40,16,12,29,4,53,43,20,21,1,13,6,33,10,41,20,26,15,10,17,56,48,56,13,54,44,7,5,4,29,9,35,34,29,22,mRNA
NM_001434822.1,ATACTCTGGCGATCTGTAGCGTTTGCCTCAGGGCTGCGCGTGGGCCCGGTGGCGGTTGCTGTGCTCCCGCGTCGCTCCCTGGGCAGCGGGAGCTGCTGTAGAGATTTAACTCAAGAATTGGAAGATATTTTTAAGGCAAAGATACTCTCCCTCAAAGAAGCAAAGATCACAGAGAAGCATGTACACTGAAGAACCACAAAATGAACACTTGGAGGATGAAAATGTCCAGTCATCTACAACTCCTGAGATCCTCAAAGCTACCAGTGCTAATGAACATGAAGAAACTAAGGAAACCATCTTGCCAGAAACAGAGGAAACAAAACCACAGATGGAAAAGAAGGGCTCTTGTCCTCCACAAGGAACACTGAATAAAGCTATTACAAATGGAGCTATACTTTTTATGATATGGTGTGTAGTCTGGGCATTCTCAGGCCCTGAAGTTCTTCCTAATGGAAGTTTATTTGGACTGTTAGTTATCTTTTATTGTGCCCTTATTGGGGGGAAACTTTTAGAAGTCATTAGACTACCTTCAGTGCCTGAAATTCCTCCTCTTCTTGGTAACATATCTAGTAACGTCCTATCCTCTCTTCGGGATGTAATTCTTGGTGTGCTTTTAGGAATTGTTTTGGGAATGTTTGCTCGACATTTTCCAGGTAGCGATCAGGGAAAACTTGAAGTGAAGAGAGCATTTTTAATTTTGAGTATGTGTATTTCTGCTGTCTTAGGCAGCCACCGATTTGGTATGAACACAGCTGGAGGATTGTGCGCACTAGTATTGAGTTTTACTGCAGGGACAGGTTGGTCCAAAGAAAAGGTTAGAGTCCAAAAAATCATTGGAACTGCATGGGATATTTTCCAACCTCTTCTTTTTGGTTTGGTTGGAGCAGAAGTATCTGTTTTATCTCTTAAATCAAATGCTATTGGCCTTTCTGTTGGTACCATGAGTTTGGCATTATTGATTAGAATTTCTTTTACATTTGTGTTGATGTCTTGTGCTGGTTTTAATTTTAAGGAGAAAATATTTATTGCTTTATCATGGATGCCGAAAGCTACAGTCCAGGCTGTATTAGGTCCTCTGGCTCTAGAAAAAGCAAGAATGAGTGCACCCCATTTGGAATCATATTCGGAGGATGTGATGACAGTAGCCTTTTTAGCCATCTTGATCACAGCTCCAAATGGAGCTCTAATTATTGGCATTCTGGGACCTAAAGTACTCACTCGCTATGATAAAAGCAAAGTGAAAATGGAGTTATCAGGATTAGAACTTCATTAAAAAGTTGATTTGCCATCACTTGCCTGCTTCTCTTAATGAATTCTCTTACATAAGAGAAAAATTAAAAGGTACACATATGTGAAGAATGAACATAGAAGCAAAGTTTTAATAAATATATGATTTG,1397,40.15748031496063,36,35,31,26,22,20,28,35,22,37,21,46,13,35,15,7,42,30,18,25,30,22,31,21,29,17,20,24,26,23,19,31,29,39,17,14,24,23,16,19,24,15,21,10,18,16,20,20,24,5,6,4,19,5,8,18,17,19,13,15,1,5,5,4,mRNA
NM_001434812.1,AGCAGAACAGCAGAGCCGCGGCGGCAGGCTACAGACGCCGCTGTGGCCGCGGAGAGAGCGCGGGCCGGCGATGCGGCCCCTGGATGATACTGGGGCCGCTAAGCGGCAGGACTCCGGGCTGCCGCTGATGGACATCCGGACCCCGAGCTCCAGGCAGGAGCCGGCGGCTGCGGAGGTGGTGGAGACGCCCGGCCCCGGAGGGTGTTGGCAGTGCCCTTCCTCGCCGTGCGGCTCGCGTGCCCAGCAGGCTGAGAAGAAAGCACCCTGTCCTGGACTTGGCTTGTTTTACACATTACTGTCTGCGTTCCTTTTCTCAGTGGGCTCCTTATTTGTTAAAAAAGTGCAAGACATCCACGCTGTAGAAATTAGTGCTTTCCGATGTGTGTTCCAAATGCTAATCATTATCCCTTGCATAATATACAGAAAATACGAGAAGATGAATTGCTCTGGACTTCACCCTTCAGGTTGTGGAGCAGCTCAGGTCCTAAACAAAGCTCAAAGGAAGGGCGGTAACATCACCAGTAAGTCGTGTAACCAAACCGGCCATTCCCTCTGAAGGCAAAGAAGCACCTACTATCGGATTAGAAGCAGAAACAAGGTGCTGATAAACTTCCTCAGGAAAAAAAAAAAAAAAAAAATTCTTTGAGAAGCAAAGGTGAGAGAATGAACAAAGTGAAAAGAAAAAGGAAAGCTACGCTAACCGGAAAGCGATAAGTGAGTTTGAACATTAACCAAGGGCAAAAGTTGGGGATATAATAATGATCACAACCTTGGTAGATAAACATGCCATTAAAGCAAGTGGAAATGGATGCCACAGGTCTCACCTGTAAAGTTGCTCTTGGGAAGAGGAGGAACCAAAGCCTGGAGCCACGTGAAGGGTTATCAGGATTGACCATGGAAAGCAAGTCAAAGGAAGAGTCAAGGTCACAACAGAGACAAGGATGTGCAACCATTCAAGGTGTGCTGTTAAAACACCCCATTATGACAGGCTCTGCACTAGCTACCGACACAGCTGCTTATATGTGCTCAGCTAGGACTAATGCCAAAAGCAGGAATCCATATAAACAGTCCTCAGTGAAAAGAGAACATCATACTAAATGTATTACATCTGTACCTTTGCCTTTTCTATATTTAGAGTTTAAATGTCTTTTATTTATGAAATGATGGTAAGGGTGGATTCCCAATGTTTGGATGGCTTCGTTCTTATGTCTTCACCTGGCAAATGTAGAAGTTGACAGTTTTATGTTGGCCCTCCAGTTTAATCATTGAAAACATTTTTGTGGTCTATAAAATTAAAAAAAGTACTGCTTAAGATTCCATCCTTTCTCATGTGTACCAGATTTTGTTTTTCTCTGGTATAATTTCAACTACTCCTTCTACCCTAGCTCCATCCCCTCAGAGCAAAAATATGCTTGAATTTCTTCCAAGTAAACCAAATTAAATGAAACCTTCCTTAAACTATCCTCCCTTCCTCTCTGGATACACCTGAGCACGGGTTTCTTCTTTAACTACCATTCTTTCCTCAACTCCCTCCCACAACTGTTTATCCCTCCACTTTTTCACACTGGCAACTTAATATTTAAAAACTATGCAATAAAAACTGTGTGATATTTCTCCACCAAAATAAAGATTAACTAAAATCA,1643,44.674376141205116,56,28,33,29,32,23,29,29,30,46,34,35,21,30,28,19,29,33,29,32,23,38,23,28,29,27,34,28,29,26,31,30,25,22,26,12,22,28,21,26,23,21,21,25,33,18,31,23,23,20,14,17,17,12,14,14,22,9,12,18,7,6,5,6,mRNA
NM_001434811.1,AGCAGAACAGCAGAGCCGCGGCGGCAGGCTACAGACGCCGCTGTGGCCGCGGAGAGAGCGCGGGCCGGCGATGCGGCCCCTGGATGATACTGGGGCCGCTAAGCGGCAGGACTCCGGGCTGCCGCTGATGGACATCCGGACCCCGAGCTCCAGGCAGGAGCCGGCGGCTGCGGAGGTGGTGGAGACGCCCGGCCCCGGAGGGTGTTGGCAGTGCCCTTCCTCGCCGTGCGGCTCGCGTGCCCAGCAGGAAGCTGAGAAGAAAGCACCCTGTCCTGGACTTGGCTTGTTTTACACATTACTGTCTGCGTTCCTTTTCTCAGTGGGCTCCTTATTTGTTAAAAAAGTGCAAGACATCCACGCTGTAGAAATTAGTGCTTTCCGATGTGTGTTCCAAATGCTAATCATTATCCCTTGCATAATATACAGAAAAACTGGGTTTATAGGCCCCAAAGGTCAACGAATCTACCTGCTCCTCAGAGGAGTCCTTGGTTCTAACGCCATGATCCTTTTGTACTATGCCTACCAGCTGACGTCTCTCGCAGATGCCACAGTTATCTCCTTTAGCTGCCCGGTGTTCACCTCTATAATTGCTTGCATATTTCTCAAGGAAAAATACAGCCCCTGGGACGCCCTCTTCACTGCCTTCACCATCACTGGAGTGATACTGATCGTGAGGCCACCATTTTTGTTCGGTTCTGAAGTCGTGGAGGCGGATAAAGACTATTCAGTTCACGTGAAGGGCGCTTTGGTGGCCCTTGCGCACGCTGTGTTAGCTGCCATGACTCTGGTTATCCTCAGAAAAATAGGGACATCTGTGGACTACATATTGAGCATTTGGTATTATGTAATCTTTGGCCTCATCGAGTGTGTCATTGTCCTTTCTATTTTAGGAGAATGGCGTCTTCCGCACTGTGGGTTGGACAGGCTATTTCTCATACTAATTGGGATGTTTGGTTTGGGAGGTCAGATGTTTCTGGCAAAAGCCCTTCAGATAGAAAAGGCAGGGCCAGTAGCATTAATGAGGACCATGGACGTGGTCTTTGCTTTTATCTTTCAGATTATTTTCTTTAATGACATGCCATCATGGTGGACAGTGGGTGGCTCCCTATGCGTCATAGCCAGTAACACTGGAGCAGCCATTCGTAAATGGTGCCAGAGTACCAAATAAAGCATCACTGCCGAAATGTGTATTTTTTAAAAGTACACCGTCACCCAGTTTAGACACATAGTGGACACACACACACCTGGAAAATCTGCATTTACTTCATTGATTATATTTAATACGTTTTATAAAGTATCATCTTTAATTAGTTGAGAATAAGCCAGTCAGTTGGGTGTAGCAGTGATTTCTTTGGTCAATTATTTTTGGTTTTGGCTTTTTGTTGTTGTTGGGGTGGCATTGGTAGGCGTTGGTAAGAGGATACATCATTCGTTGAAGAAAAACTGCACAATTTTTGACTCTAAGTATAAATTATGTAATTTTTAGAAGTGTATTTTTGGTATTGATGGGATATAGATGGGAGGAAACTTTTAGATTCTCTTTCAGCAGTGTAGAGGCTGAAAAACTTACTGATAATAATGCTGCTATATAGTTAGTCTTATGCTGAGAATTCATTTGAAATGTAATCCCATTTAGGAGGCCAAAGCTGAAACTTGGAGTAGGTGCCTACTTAATGGTATTAATAAAACAAATGAATTAGCCTTATTTTCAAGGCTTTTATAAACAATTGTCATTCTTTTAACCCGTATTTGTGCCTTTTCACTTTAATGCTAAAACTTTTATGCATAAACTTAAAAAAAAAATCTTCCCATCACCAAATCTGGCTAATAGTTTTCTGTTTTAGTGGCATTAGCAACTGTAGCTACATTCTGTAATTATAATTGTCCGGTGTTTTTTTTTTGAAACACCCCTAAATTTTTCTTAACCTTAAAAGATTTTAGGTGTTTAAAAATCATAAGAAAGAAATCTTGGCATGACCAGTATGCACATTTCCATTCTGAAGTGTTTTCCCTATAATAGAAATGTGATTTTCTATAAATTTTCTTTGAATTTATGGTGTGATGCCAAATAAAATTTTCTCAGGGTTTTATTCACTTTAACCATAGGAAACTGATGAGATTTTACCTTTTCACATTACAAAAACCATAGTTCCTTATGGTTCACCCTATTAAGATACCTCTCTTACTTTCTAAACCAAATACTTAAGGGACTTCGGAGTATATTTTTTAAATTACTTTTTAAAATATAGTAATCCTAGTAAACTTATTTTTATAGTCTTTTTCCCTTATGGGATTTTATATAATAATGCTTCATGTTATATATTAAATGTAAAGACCTGTGAATCCACAATTAATTGAGTTTTGTAATTTCTTGAAAAAAAAAATCACTGTTAAATTCTAGTATATCAGTATGATCTTAAGTGTCAGTGCTGAACCATGATACTATCCTCATGAGTTCAAACAACACATTTTATGTCTGGAATTTCATCAGGCCAGTATTCTGTAGTTAAAGAGAGAATGTAATATTTAGGAGAACTTGAGAGGTTAATCAGGAAATAGAGAGTACATACTAATGGTTCTTTGTCACAGTGAACCCTTTATTGGTGGGGCTTCAGCTCTTACTGTATCAGACCTAGCATCTGTTATTTTAAGCCTACAGATTTGAATGCTTATAGGCTCTTTCCCATTGTTTCATCATAAATCTGCCAAAGTAAGAAAGAACTTGGCTTCCAAGGTTTATGCCATGGTGAGAAACGATCTTTTCCAGTAGTTCCCGGAGGAAATTTTTGGCTTGCTGATCTTCCCAAATGCTTCCCACCAGACAAATCCTAAATGAAGTCTATTTAGGAGAGTCACACTATTATTATAACTTTAGCCTATTCTGCAGTATTCAAGTTTAAAGTTGCAGAACCATCATTTTGCAAGTATGTTAGATAATTATAGACTTGGAGCTTTTTAAGGCTCAAAGGTTAGAAATCCTCTTGTAGGAGACATACTCCATGGTTAGGGATGCTAGGGAGGGGACCTGCCCAAGATGGGTTTCCATGGTCTTATTTATCCCTCCTTTATTTCCACGGTAAAGTATGGAAAATAAACCACTGCTTGAGATATCTAAGGTTAATAAACTCTTAGGGATGCCTCTCCTGGTTCTCTACCTTGCACAATAAAAGAACCTATGAGACCTTGAAAGTTACATCCCTCTGGGCCTGTACATTTCAACAAAGTGGTTTAAGTGCTTGAATGTCACAATATATGACCAAAGTTGGAGAAAATGTTTCTTCTCCTGACTTTTACAGGGTGTGATTCTTAAACACTTTTATAATGTCCGAGTTATATACAAGGATATGTATTGTAACAATTGTGGGTGTGTATATTTTGCAAAGACATCAGTTCCTATATCTTGAAAAGGAAACTATTTTCATAAACTGCTTCTATTTTATAATTACTAATAAAATTAATATGAAAG,3466,39.38257357184074,88,106,55,60,53,46,59,74,52,55,57,56,46,104,46,31,97,89,49,50,87,89,66,33,88,52,47,64,34,54,75,67,56,69,36,30,63,47,71,60,65,39,62,35,37,47,39,52,41,22,33,22,48,18,18,49,43,51,27,38,13,8,10,16,mRNA
NM_001082146.2,ATGAGTCTGCAGGTCTTAAACGACGAGAACGTCGCCGGCGACAAAAGCCCAGAAAACTGCCACTTCCTGTTTTCGTCTCCGGAAGTTACCGGCAGGTCGTCCGTTCTCCGCCTGTCCCAGAAGGAGAATGTGCCGCCCAAGAGCCTGGCCAAGGCCGCGAAGGTGACGTTCCAGACACCTGCGCGGGACCCACAGACGCACAGGGTCCTGACGCCTAGTGTGACCAGTAAGCTGGAGGCCCTTTCTGCCCTGGATGGCGGCGCTGGACCTGAGAACCCTCTCAGCGGGACGCAGAAAGAGAACCAGCAGCTCCCCAAGGAGGCGGGCCCCGGCGCAGCCAGCGGACCTCTCCAGAGGCAAGCAGTGGCCGCCACAGCCGCGACAGCCACTCCTGCGGGGCACGTGAGCTCAGCCGTCCTGCGGGGCAGTGCCTCGAGCCCCCCCCGCAGCCCGGGACGTTCCGAAAGCCAGACACTGTCCCCAGGGCCGGGACCCAGCAGCATCCCAGGCCAGCCTCCGGGGGTGGCGGCCCAACCCGCGCCAGAGACTCCGCCCAGGGCCTCACAGGGAGGCTCCCACGACGCTCTCTGCACGCCGCGGCCCACGGCTGCCTCGCCTCTCGGCACAGGTCCTAGAGAACCACACGGGGTGCTGCTCGTCTCCCCCACAGGCCTGCCCGGGGGGGCCCCGGCTCACCAAGAAGACGGAGCCCCTCCCCCTGTGGGCTCCACCCCGGTGGACCCCCTGCAGGCCAGCGGGGCCGCAGCCCCAAGTCCTCAGAAGGGACAGGCCCCTGGGACTGCACTTGGCGCACTGGGACGGAACCTCCCTGGCGAGGCCAGCAGCATGGTGCCCGTGCAAGGAGAGAGGCCCGAGGGGAGGCAGGGGCAGGCCGAGCCTGCACCCCCGGGCTCTCCCCACCTCGGCCGGGAGGAGCCGCCTGGCCCGAACCTCAGCCCGCGTGATGCTGGCCCCAAGGCTGATGGCACAGAGGCCCTGCCCCAAGAAAGCCCTGAGGCTGGCCAGCCGGGTGCGGGGCCTGTGGCTGCCGAGCCCTCGCCCCCGAGCCAGCAGCCGTGTGTGGCTTTGGTGGGCGACGCACCTGAGGTACAGACGGTGGCCGAGACCCCAGGACCAGGAGACGAGCAGGGAACCCGGGAGTCCCCCAGCACGCCGACGCCCAGGAGCTGTCCGGGCAGGGGGCCTGTGGCCCTGGAGCTGGAGGAGGAGAGCTTCAGAGACCCCGCCGAGGTCCTAGGCACGGGGGCCGAGATCGATTACCTGGAGCAGTTCGGGACCTCCTCGTTCAAGGAGTCGGCCCTGAGGAAGCAGTCCCTGTACCTGAAGTTCGATCCTCTCCTGAGAGACAGTCCTGTGCGACTCGTGCCGCTGGCCACGGCCGCTGAGGCGGACAGCACGCAGGTCGCCGCTGAGCCCTCGGGGGGCCCCCTGGACACGCTGCTCGTGGACCTGGACCTCGGGGGAGCCCTGCCTGTCCCTGTGAGCGCGTCGGGCCCCCTGGAGCCGCAGGTGCCGGCCCAACCCCTGTGTATCCTGGAGCCCAGCTGTCCACCCCTGCCCGTGGGGCCCATCGTGGACGTGCTGCGGTACAGCCAGCGAGACCTGGACGCCGCAGTGCAGGCGGCACAGCAGGAGAACCTGGAGCTGAGGAGCCGGTGTGAGGAGCTCCACACCAAGAACCTGGAGATGGGGAAGATCATGGACGGGTTTGAGGGGATCGTGTACCAGGCGATGGAGGAGGTCCAGAGGCAGAAGGAGGCTGCCAGAGCGGAAGTGCAGAAGGTCCTGAAGGACAGGGAGCAGCTCGCCGCGGACCTGAGCTCCACGGAGAAGTCCTTCTCCGACCTCTTCAAGCGCTTCGAGAAGCAGAAGGAGGTGATCGGCGGCTACCGCAAGAACGAGGAGTCGCTGAAGAAGTGCGTGGAGGACTACGCGGCGCGGGTGGAGAAGGAGGCCCAGAGGTACCAGGCGCTGAAGGCCCACGCGGAGGAGAAGCTCAAGCTGGCGAGCGAGGAGATCGCCCAGGTCCGCAGCAAGGCCCAGGCGGAGGCCCTGGCCTTCCAGGCGAGCATGAGGAAGGCGCAGATGCAGATCCAGTCGCTGGAGAAGACCGTGGAGCAGAAGGTGAAGGAGAACGAGGAGCTGACGCGGATCTGCGACGACCTCATCTCCAAGATGGAGAAGATCTGAGCTCGCTGCTGCTTTCAGCCGCTCTCTTTGGCTGCTGAATAAAGTTCCCCTTAGGCTGCAAAAAAAAAAAA,2282,67.44084136722174,11,6,77,80,86,90,54,49,82,47,70,42,99,4,84,67,1,13,60,48,1,3,18,68,2,39,46,18,43,40,16,12,29,4,53,43,20,21,1,13,6,33,10,41,20,26,15,10,17,56,48,56,13,54,44,7,5,4,29,9,35,34,29,22,mRNA
NM_001434822.1,ATACTCTGGCGATCTGTAGCGTTTGCCTCAGGGCTGCGCGTGGGCCCGGTGGCGGTTGCTGTGCTCCCGCGTCGCTCCCTGGGCAGCGGGAGCTGCTGTAGAGATTTAACTCAAGAATTGGAAGATATTTTTAAGGCAAAGATACTCTCCCTCAAAGAAGCAAAGATCACAGAGAAGCATGTACACTGAAGAACCACAAAATGAACACTTGGAGGATGAAAATGTCCAGTCATCTACAACTCCTGAGATCCTCAAAGCTACCAGTGCTAATGAACATGAAGAAACTAAGGAAACCATCTTGCCAGAAACAGAGGAAACAAAACCACAGATGGAAAAGAAGGGCTCTTGTCCTCCACAAGGAACACTGAATAAAGCTATTACAAATGGAGCTATACTTTTTATGATATGGTGTGTAGTCTGGGCATTCTCAGGCCCTGAAGTTCTTCCTAATGGAAGTTTATTTGGACTGTTAGTTATCTTTTATTGTGCCCTTATTGGGGGGAAACTTTTAGAAGTCATTAGACTACCTTCAGTGCCTGAAATTCCTCCTCTTCTTGGTAACATATCTAGTAACGTCCTATCCTCTCTTCGGGATGTAATTCTTGGTGTGCTTTTAGGAATTGTTTTGGGAATGTTTGCTCGACATTTTCCAGGTAGCGATCAGGGAAAACTTGAAGTGAAGAGAGCATTTTTAATTTTGAGTATGTGTATTTCTGCTGTCTTAGGCAGCCACCGATTTGGTATGAACACAGCTGGAGGATTGTGCGCACTAGTATTGAGTTTTACTGCAGGGACAGGTTGGTCCAAAGAAAAGGTTAGAGTCCAAAAAATCATTGGAACTGCATGGGATATTTTCCAACCTCTTCTTTTTGGTTTGGTTGGAGCAGAAGTATCTGTTTTATCTCTTAAATCAAATGCTATTGGCCTTTCTGTTGGTACCATGAGTTTGGCATTATTGATTAGAATTTCTTTTACATTTGTGTTGATGTCTTGTGCTGGTTTTAATTTTAAGGAGAAAATATTTATTGCTTTATCATGGATGCCGAAAGCTACAGTCCAGGCTGTATTAGGTCCTCTGGCTCTAGAAAAAGCAAGAATGAGTGCACCCCATTTGGAATCATATTCGGAGGATGTGATGACAGTAGCCTTTTTAGCCATCTTGATCACAGCTCCAAATGGAGCTCTAATTATTGGCATTCTGGGACCTAAAGTACTCACTCGCTATGATAAAAGCAAAGTGAAAATGGAGTTATCAGGATTAGAACTTCATTAAAAAGTTGATTTGCCATCACTTGCCTGCTTCTCTTAATGAATTCTCTTACATAAGAGAAAAATTAAAAGGTACACATATGTGAAGAATGAACATAGAAGCAAAGTTTTAATAAATATATGATTTG,1397,40.15748031496063,36,35,31,26,22,20,28,35,22,37,21,46,13,35,15,7,42,30,18,25,30,22,31,21,29,17,20,24,26,23,19,31,29,39,17,14,24,23,16,19,24,15,21,10,18,16,20,20,24,5,6,4,19,5,8,18,17,19,13,15,1,5,5,4,mRNA
NM_001434812.1,AGCAGAACAGCAGAGCCGCGGCGGCAGGCTACAGACGCCGCTGTGGCCGCGGAGAGAGCGCGGGCCGGCGATGCGGCCCCTGGATGATACTGGGGCCGCTAAGCGGCAGGACTCCGGGCTGCCGCTGATGGACATCCGGACCCCGAGCTCCAGGCAGGAGCCGGCGGCTGCGGAGGTGGTGGAGACGCCCGGCCCCGGAGGGTGTTGGCAGTGCCCTTCCTCGCCGTGCGGCTCGCGTGCCCAGCAGGCTGAGAAGAAAGCACCCTGTCCTGGACTTGGCTTGTTTTACACATTACTGTCTGCGTTCCTTTTCTCAGTGGGCTCCTTATTTGTTAAAAAAGTGCAAGACATCCACGCTGTAGAAATTAGTGCTTTCCGATGTGTGTTCCAAATGCTAATCATTATCCCTTGCATAATATACAGAAAATACGAGAAGATGAATTGCTCTGGACTTCACCCTTCAGGTTGTGGAGCAGCTCAGGTCCTAAACAAAGCTCAAAGGAAGGGCGGTAACATCACCAGTAAGTCGTGTAACCAAACCGGCCATTCCCTCTGAAGGCAAAGAAGCACCTACTATCGGATTAGAAGCAGAAACAAGGTGCTGATAAACTTCCTCAGGAAAAAAAAAAAAAAAAAAATTCTTTGAGAAGCAAAGGTGAGAGAATGAACAAAGTGAAAAGAAAAAGGAAAGCTACGCTAACCGGAAAGCGATAAGTGAGTTTGAACATTAACCAAGGGCAAAAGTTGGGGATATAATAATGATCACAACCTTGGTAGATAAACATGCCATTAAAGCAAGTGGAAATGGATGCCACAGGTCTCACCTGTAAAGTTGCTCTTGGGAAGAGGAGGAACCAAAGCCTGGAGCCACGTGAAGGGTTATCAGGATTGACCATGGAAAGCAAGTCAAAGGAAGAGTCAAGGTCACAACAGAGACAAGGATGTGCAACCATTCAAGGTGTGCTGTTAAAACACCCCATTATGACAGGCTCTGCACTAGCTACCGACACAGCTGCTTATATGTGCTCAGCTAGGACTAATGCCAAAAGCAGGAATCCATATAAACAGTCCTCAGTGAAAAGAGAACATCATACTAAATGTATTACATCTGTACCTTTGCCTTTTCTATATTTAGAGTTTAAATGTCTTTTATTTATGAAATGATGGTAAGGGTGGATTCCCAATGTTTGGATGGCTTCGTTCTTATGTCTTCACCTGGCAAATGTAGAAGTTGACAGTTTTATGTTGGCCCTCCAGTTTAATCATTGAAAACATTTTTGTGGTCTATAAAATTAAAAAAAGTACTGCTTAAGATTCCATCCTTTCTCATGTGTACCAGATTTTGTTTTTCTCTGGTATAATTTCAACTACTCCTTCTACCCTAGCTCCATCCCCTCAGAGCAAAAATATGCTTGAATTTCTTCCAAGTAAACCAAATTAAATGAAACCTTCCTTAAACTATCCTCCCTTCCTCTCTGGATACACCTGAGCACGGGTTTCTTCTTTAACTACCATTCTTTCCTCAACTCCCTCCCACAACTGTTTATCCCTCCACTTTTTCACACTGGCAACTTAATATTTAAAAACTATGCAATAAAAACTGTGTGATATTTCTCCACCAAAATAAAGATTAACTAAAATCA,1643,44.674376141205116,56,28,33,29,32,23,29,29,30,46,34,35,21,30,28,19,29,33,29,32,23,38,23,28,29,27,34,28,29,26,31,30,25,22,26,12,22,28,21,26,23,21,21,25,33,18,31,23,23,20,14,17,17,12,14,14,22,9,12,18,7,6,5,6,mRNA
NM_001434811.1,AGCAGAACAGCAGAGCCGCGGCGGCAGGCTACAGACGCCGCTGTGGCCGCGGAGAGAGCGCGGGCCGGCGATGCGGCCCCTGGATGATACTGGGGCCGCTAAGCGGCAGGACTCCGGGCTGCCGCTGATGGACATCCGGACCCCGAGCTCCAGGCAGGAGCCGGCGGCTGCGGAGGTGGTGGAGACGCCCGGCCCCGGAGGGTGTTGGCAGTGCCCTTCCTCGCCGTGCGGCTCGCGTGCCCAGCAGGAAGCTGAGAAGAAAGCACCCTGTCCTGGACTTGGCTTGTTTTACACATTACTGTCTGCGTTCCTTTTCTCAGTGGGCTCCTTATTTGTTAAAAAAGTGCAAGACATCCACGCTGTAGAAATTAGTGCTTTCCGATGTGTGTTCCAAATGCTAATCATTATCCCTTGCATAATATACAGAAAAACTGGGTTTATAGGCCCCAAAGGTCAACGAATCTACCTGCTCCTCAGAGGAGTCCTTGGTTCTAACGCCATGATCCTTTTGTACTATGCCTACCAGCTGACGTCTCTCGCAGATGCCACAGTTATCTCCTTTAGCTGCCCGGTGTTCACCTCTATAATTGCTTGCATATTTCTCAAGGAAAAATACAGCCCCTGGGACGCCCTCTTCACTGCCTTCACCATCACTGGAGTGATACTGATCGTGAGGCCACCATTTTTGTTCGGTTCTGAAGTCGTGGAGGCGGATAAAGACTATTCAGTTCACGTGAAGGGCGCTTTGGTGGCCCTTGCGCACGCTGTGTTAGCTGCCATGACTCTGGTTATCCTCAGAAAAATAGGGACATCTGTGGACTACATATTGAGCATTTGGTATTATGTAATCTTTGGCCTCATCGAGTGTGTCATTGTCCTTTCTATTTTAGGAGAATGGCGTCTTCCGCACTGTGGGTTGGACAGGCTATTTCTCATACTAATTGGGATGTTTGGTTTGGGAGGTCAGATGTTTCTGGCAAAAGCCCTTCAGATAGAAAAGGCAGGGCCAGTAGCATTAATGAGGACCATGGACGTGGTCTTTGCTTTTATCTTTCAGATTATTTTCTTTAATGACATGCCATCATGGTGGACAGTGGGTGGCTCCCTATGCGTCATAGCCAGTAACACTGGAGCAGCCATTCGTAAATGGTGCCAGAGTACCAAATAAAGCATCACTGCCGAAATGTGTATTTTTTAAAAGTACACCGTCACCCAGTTTAGACACATAGTGGACACACACACACCTGGAAAATCTGCATTTACTTCATTGATTATATTTAATACGTTTTATAAAGTATCATCTTTAATTAGTTGAGAATAAGCCAGTCAGTTGGGTGTAGCAGTGATTTCTTTGGTCAATTATTTTTGGTTTTGGCTTTTTGTTGTTGTTGGGGTGGCATTGGTAGGCGTTGGTAAGAGGATACATCATTCGTTGAAGAAAAACTGCACAATTTTTGACTCTAAGTATAAATTATGTAATTTTTAGAAGTGTATTTTTGGTATTGATGGGATATAGATGGGAGGAAACTTTTAGATTCTCTTTCAGCAGTGTAGAGGCTGAAAAACTTACTGATAATAATGCTGCTATATAGTTAGTCTTATGCTGAGAATTCATTTGAAATGTAATCCCATTTAGGAGGCCAAAGCTGAAACTTGGAGTAGGTGCCTACTTAATGGTATTAATAAAACAAATGAATTAGCCTTATTTTCAAGGCTTTTATAAACAATTGTCATTCTTTTAACCCGTATTTGTGCCTTTTCACTTTAATGCTAAAACTTTTATGCATAAACTTAAAAAAAAAATCTTCCCATCACCAAATCTGGCTAATAGTTTTCTGTTTTAGTGGCATTAGCAACTGTAGCTACATTCTGTAATTATAATTGTCCGGTGTTTTTTTTTTGAAACACCCCTAAATTTTTCTTAACCTTAAAAGATTTTAGGTGTTTAAAAATCATAAGAAAGAAATCTTGGCATGACCAGTATGCACATTTCCATTCTGAAGTGTTTTCCCTATAATAGAAATGTGATTTTCTATAAATTTTCTTTGAATTTATGGTGTGATGCCAAATAAAATTTTCTCAGGGTTTTATTCACTTTAACCATAGGAAACTGATGAGATTTTACCTTTTCACATTACAAAAACCATAGTTCCTTATGGTTCACCCTATTAAGATACCTCTCTTACTTTCTAAACCAAATACTTAAGGGACTTCGGAGTATATTTTTTAAATTACTTTTTAAAATATAGTAATCCTAGTAAACTTATTTTTATAGTCTTTTTCCCTTATGGGATTTTATATAATAATGCTTCATGTTATATATTAAATGTAAAGACCTGTGAATCCACAATTAATTGAGTTTTGTAATTTCTTGAAAAAAAAAATCACTGTTAAATTCTAGTATATCAGTATGATCTTAAGTGTCAGTGCTGAACCATGATACTATCCTCATGAGTTCAAACAACACATTTTATGTCTGGAATTTCATCAGGCCAGTATTCTGTAGTTAAAGAGAGAATGTAATATTTAGGAGAACTTGAGAGGTTAATCAGGAAATAGAGAGTACATACTAATGGTTCTTTGTCACAGTGAACCCTTTATTGGTGGGGCTTCAGCTCTTACTGTATCAGACCTAGCATCTGTTATTTTAAGCCTACAGATTTGAATGCTTATAGGCTCTTTCCCATTGTTTCATCATAAATCTGCCAAAGTAAGAAAGAACTTGGCTTCCAAGGTTTATGCCATGGTGAGAAACGATCTTTTCCAGTAGTTCCCGGAGGAAATTTTTGGCTTGCTGATCTTCCCAAATGCTTCCCACCAGACAAATCCTAAATGAAGTCTATTTAGGAGAGTCACACTATTATTATAACTTTAGCCTATTCTGCAGTATTCAAGTTTAAAGTTGCAGAACCATCATTTTGCAAGTATGTTAGATAATTATAGACTTGGAGCTTTTTAAGGCTCAAAGGTTAGAAATCCTCTTGTAGGAGACATACTCCATGGTTAGGGATGCTAGGGAGGGGACCTGCCCAAGATGGGTTTCCATGGTCTTATTTATCCCTCCTTTATTTCCACGGTAAAGTATGGAAAATAAACCACTGCTTGAGATATCTAAGGTTAATAAACTCTTAGGGATGCCTCTCCTGGTTCTCTACCTTGCACAATAAAAGAACCTATGAGACCTTGAAAGTTACATCCCTCTGGGCCTGTACATTTCAACAAAGTGGTTTAAGTGCTTGAATGTCACAATATATGACCAAAGTTGGAGAAAATGTTTCTTCTCCTGACTTTTACAGGGTGTGATTCTTAAACACTTTTATAATGTCCGAGTTATATACAAGGATATGTATTGTAACAATTGTGGGTGTGTATATTTTGCAAAGACATCAGTTCCTATATCTTGAAAAGGAAACTATTTTCATAAACTGCTTCTATTTTATAATTACTAATAAAATTAATATGAAAG,3466,39.38257357184074,88,106,55,60,53,46,59,74,52,55,57,56,46,104,46,31,97,89,49,50,87,89,66,33,88,52,47,64,34,54,75,67,56,69,36,30,63,47,71,60,65,39,62,35,37,47,39,52,41,22,33,22,48,18,18,49,43,51,27,38,13,8,10,16,mRNA
PP835536.1,CTATCCCGGCATTTTCCTTTTTTTCATTTTAACATAAAAAGAAAAAATGTGTCAACTTTTTTTATTCAAATTTTGTCAAATTTTTTGTCAATTTTAATATGGGGGTAGAGGGACTTGAACCCTCACGGTCTTTAAAGCCAACGGATTTTCATTTTACTACAATTTGCATTGTTGTTAAAATTCACTTGTAAAAACGGACTCTATCTTTATCCTCGTCTCCAAAATAGTTGAAAGATTTTTTAATAATTTTATTACTATTATAATTTTATTACTATTTAGGCAATTAATACATTTCTAGTGCAATTTTTTATCTTTTATTCTATTTAGATAATAAATTCGTTAGGACAGTTTTCTTTGAGTCTCTGCACCTATTTTGTTTTAGTACACAAAATTTGGCTCAGGATTGCCTTCTTTTTATTTTATTTCACCCGAGGTTTTCCTGAAT,445,27.86516853932584,12,34,5,2,2,3,4,2,5,3,6,4,2,22,3,3,29,10,2,1,16,12,10,1,18,2,5,7,6,4,12,2,4,12,5,2,5,5,8,10,6,5,7,3,10,3,5,7,4,4,3,2,4,0,0,3,8,7,6,6,3,1,2,2,tRNA
OR440605.1,GCTTGGTATGGAACTTACTAAGTGATAACTTTCAAATTCAGAGAAACCCTGGAATTAAAAATGGGCAATCCTGAGCCAAATCCTGTTTTCCGAAAACAAACAAAGGTTCAAAAAGACAGAATAAAAAAAAGGATAGGTGCAGAGACTCAATGGAAGCTGTTCTAACAAATGGAGTTGGCTGCGTTGCATTAGTAAAGTAAAGTAAAGGAAAGGAATCCTTCCGTTAAAACTCCAGAAAGGATAAAGTAAAGGATAACCCTATATTCATATGTATACGTATTGAAATACTATCTCAAATGATTAAAATGATTAATAGGGGCCGAATCCATATATATATTTTTTTTTATCTTTATATTTATATTTTTTTATCTTTATATTTATATGAAAAATGAAATAAAAAAAATTGTTTTGAATTGATTCCAAGTTGAAGAAAGGATTGAATTTTAATTGATCAAATCATTCGCTCCATAGTCTGATAGATAACTGATTAATCGGACGAGAATAAAGATAGAGTCCCATTCTACATGTCAATATCGACAACAAGGAAATTTATAGTAAGAGGAAAATCCGTCGACTTTAAAAATCGTGAGGGTTCAAGTCCCTCTATCCCCAAAAAAGGCCCGTTCGACTCCCTAATTATTTTTATCCTATTCTCTCTTTTCATTAACTCATTAACGGTTCAATTTTCGTTATCTTTCTCATTCATTCGATTCTTTCACAAACATATCCAGACTTAATTTCTTTTCACAAGTCTTGTGTTGTGATAGATATGATACACATACAAATAAACATCTTTGAGCAAAACAAGGAATCCCCGTTGGAAATTGGAATGATTAACAATCCAAATCATTATTCGAACTGAAATTTACGAAGTCGTCTTTTTCTTCTTTCTTTTTTTTTTCTTTTTTTTTTTTTTTTTTAAGATACAAAGCATTCCCGGGTCTGGATAAGAATTTAGAAAAATTTTTTC,970,30.721649484536083,43,38,17,9,5,9,16,10,14,26,8,28,3,27,4,9,39,19,9,4,24,29,21,4,39,5,19,7,9,3,30,12,20,15,5,4,13,16,32,18,16,3,14,2,25,6,17,12,20,3,7,7,21,1,1,8,8,9,9,8,4,9,10,9,tRNA
MW770232.1,CACTTGGCCATGCCGCCCAATCTGATCCAAAATGAATAAAAATTTTATCTATATTCTGTTATTAACTATGATAACTAATTCCTTTTTATCTGGAATCCGAATTTTTCCATTGCGCTTATCCCTTTCAAAAATGAGTTCCTTTTTTTATTGGATTCGGTTTTGATTATTTTATTCAGTTGATTCTATCTCAAAACATACACCGCTTAAAAGAAAAACTTCTTATCTCTTTTATATTGAAAGAAAAAAAAAATGGATTTTTGGTCATAGGCTGAAAAAGCCGGGGGAGGAACCATTACTTATTTACTTTGAATTAGTGAACAGTTTTTGAATTTTTATCTCAAATCGTGTTTTTATAATAACATAAGAAAATGGATTGACGACTAAGACTAATCAGTATTAATGATTTTCCGAAATCAATCCTTTTCAATTTCCATATGAAATTATAATAACATATATGTGTATATGTAAACCCCAGAACAGATATTTTTACACAGAAAACTAGTTAGGTCTCTATTATGCACTATTCTTATACAATATCATTGTGCTTGAATATTTCATTGAAATATATATTGAATAAAAAAGCAGATTGAATCTCCGAGGTAATTTATTTTTTTGTACCCAATCTGATCGTAATATAATAATATTAGGCAGAAATGGATCAATTATGATATTCTATACAAGACTCCATAAGTGTAATGTGAGTAGCAGAATCTTTTTTTTTTCAGG,726,28.236914600550968,21,26,7,5,10,4,11,7,6,8,4,22,4,26,3,4,36,15,9,4,35,21,15,3,35,6,11,8,6,4,16,14,21,16,4,1,8,9,27,12,11,4,7,4,11,4,11,11,13,2,4,6,19,3,1,8,10,6,2,7,1,4,3,2,tRNA
MW770231.1,CACTTGGCCATGCCGCCCAATCTGATCCAAAATGAATAAAAATTTTATCTATATTCTGTTATTAACTATGATAACTAATTCCTTTTTATCTGGAATCCGAATTTTTCCATTGCGCTTATCCCTTTCAAAAATGAGTTCCTTTTTTTATTGGATTCGGTTTTGATTATTTTATTCAGTTGATTCTATCTCAAAACATACACCGCTTAAAAGAAAAACTTCTTATCTCTTTTATATTGAAAGAAAAAAAAAAATGGATTTTTGGTCATAGGCTGAAAAAGCCGGGGGAGGAACCATTACTTATTTACTTTGAATTAGTGAACAGTTTTTGAATTTTTATCTCAAATCGTGTTTTTATAATAACATAAGAAAATGGATTGACGACTAAGACTAATCAGTATTAATGATTTTCCGAAATCAATCCTTTTCAATTTCCATATGAAATTATAATAACATATATGTGTATATGTAAACCCCAGAACAGATATTTTTACACAGAAAACTAGTTAGGTCTCTATTATGCACTATTCTTATACAATATCATTGTGCTTGAATATTTCATTGAAATATATATTGAATAAAAAAGCAGATTGAATCTCCGAGGTAATTTATTTTTTTGTACCCAATCTGATCGTAATATAATAATATTAGGCAGAAATTGATCAATTATGATATTCTATACAAGACTCCATAAGTGTAATGTGAGTAGCAGAATCTTTTTTTTTTCAGG,727,28.060522696011002,21,26,6,5,10,4,11,6,6,8,4,22,4,26,3,4,37,15,9,4,35,21,15,3,35,6,11,8,6,4,16,13,22,17,4,1,8,9,27,12,11,4,7,4,11,4,11,11,13,2,4,6,19,3,1,8,10,6,2,7,1,4,3,2,tRNA
MW770230.1,CACTTGGCCATGCCGCCCAATCTGATCCAAAATGAATAAAAATTTTATCTATATTCTGTTATTAACTATGATAACTAATTCCTTTTTATCTGGAATCCGAATTTTTCCATTGCGCTTATCCCTTTCAAAAATGAGTTCCTTTTTTTTATTGGATTCGGTTTTGATTATTTTATTCAGTGGATTCTATCTCAAAACATACACCGCTTAAAAGAAAAACTTCTTATCTCTTTTATAGTGAAAGAAAAAAAAAATGGATTTTTGGTCATAGGCTGAAAAAGCCGGGGGAGGAACCATTACTTATTTACTTTGAATTAGTGAACAGTTTTTGAATTTGTATCTCAAATCGTGTTTTTATAATAACATAAGAAAATGGATTGACGACAAAGACTAATCAGTATTAATGATTTTCCGAAATCAATCCTTTTCAATTTCCATATGAAATTATAATAACATATATGTGTATATGTAAACCCCAGAACAGATATTTTTACACAGAAAACTAGTTAGGTCTCTATTATGCACTATTCTTATACAATATCATTGTGCTTGAATATTTCATTGAAATATATATTGAATAAAAAAGCAGATTGAATCTCCGAGGTAATTTATTTTTTTGTACCCAATCTGATCGTAATATAATAATATTAGGCAGAAATTGATCAATTATGATATTCTATACAAGACTCCATAAGTGTAATGTGAGTAGCAGAATCTTTTTTTTTCAGG,726,28.512396694214875,22,26,7,5,10,4,11,7,6,8,4,22,4,25,3,4,36,15,9,4,35,20,15,3,35,8,11,9,6,4,16,13,21,16,4,1,9,10,27,12,11,4,6,4,12,4,11,10,13,2,4,6,19,3,1,9,9,7,2,7,1,4,3,2,tRNA
PP835536.1,CTATCCCGGCATTTTCCTTTTTTTCATTTTAACATAAAAAGAAAAAATGTGTCAACTTTTTTTATTCAAATTTTGTCAAATTTTTTGTCAATTTTAATATGGGGGTAGAGGGACTTGAACCCTCACGGTCTTTAAAGCCAACGGATTTTCATTTTACTACAATTTGCATTGTTGTTAAAATTCACTTGTAAAAACGGACTCTATCTTTATCCTCGTCTCCAAAATAGTTGAAAGATTTTTTAATAATTTTATTACTATTATAATTTTATTACTATTTAGGCAATTAATACATTTCTAGTGCAATTTTTTATCTTTTATTCTATTTAGATAATAAATTCGTTAGGACAGTTTTCTTTGAGTCTCTGCACCTATTTTGTTTTAGTACACAAAATTTGGCTCAGGATTGCCTTCTTTTTATTTTATTTCACCCGAGGTTTTCCTGAAT,445,27.86516853932584,12,34,5,2,2,3,4,2,5,3,6,4,2,22,3,3,29,10,2,1,16,12,10,1,18,2,5,7,6,4,12,2,4,12,5,2,5,5,8,10,6,5,7,3,10,3,5,7,4,4,3,2,4,0,0,3,8,7,6,6,3,1,2,2,tRNA
OR440605.1,GCTTGGTATGGAACTTACTAAGTGATAACTTTCAAATTCAGAGAAACCCTGGAATTAAAAATGGGCAATCCTGAGCCAAATCCTGTTTTCCGAAAACAAACAAAGGTTCAAAAAGACAGAATAAAAAAAAGGATAGGTGCAGAGACTCAATGGAAGCTGTTCTAACAAATGGAGTTGGCTGCGTTGCATTAGTAAAGTAAAGTAAAGGAAAGGAATCCTTCCGTTAAAACTCCAGAAAGGATAAAGTAAAGGATAACCCTATATTCATATGTATACGTATTGAAATACTATCTCAAATGATTAAAATGATTAATAGGGGCCGAATCCATATATATATTTTTTTTTATCTTTATATTTATATTTTTTTATCTTTATATTTATATGAAAAATGAAATAAAAAAAATTGTTTTGAATTGATTCCAAGTTGAAGAAAGGATTGAATTTTAATTGATCAAATCATTCGCTCCATAGTCTGATAGATAACTGATTAATCGGACGAGAATAAAGATAGAGTCCCATTCTACATGTCAATATCGACAACAAGGAAATTTATAGTAAGAGGAAAATCCGTCGACTTTAAAAATCGTGAGGGTTCAAGTCCCTCTATCCCCAAAAAAGGCCCGTTCGACTCCCTAATTATTTTTATCCTATTCTCTCTTTTCATTAACTCATTAACGGTTCAATTTTCGTTATCTTTCTCATTCATTCGATTCTTTCACAAACATATCCAGACTTAATTTCTTTTCACAAGTCTTGTGTTGTGATAGATATGATACACATACAAATAAACATCTTTGAGCAAAACAAGGAATCCCCGTTGGAAATTGGAATGATTAACAATCCAAATCATTATTCGAACTGAAATTTACGAAGTCGTCTTTTTCTTCTTTCTTTTTTTTTTCTTTTTTTTTTTTTTTTTTAAGATACAAAGCATTCCCGGGTCTGGATAAGAATTTAGAAAAATTTTTTC,970,30.721649484536083,43,38,17,9,5,9,16,10,14,26,8,28,3,27,4,9,39,19,9,4,24,29,21,4,39,5,19,7,9,3,30,12,20,15,5,4,13,16,32,18,16,3,14,2,25,6,17,12,20,3,7,7,21,1,1,8,8,9,9,8,4,9,10,9,tRNA
MW770232.1,CACTTGGCCATGCCGCCCAATCTGATCCAAAATGAATAAAAATTTTATCTATATTCTGTTATTAACTATGATAACTAATTCCTTTTTATCTGGAATCCGAATTTTTCCATTGCGCTTATCCCTTTCAAAAATGAGTTCCTTTTTTTATTGGATTCGGTTTTGATTATTTTATTCAGTTGATTCTATCTCAAAACATACACCGCTTAAAAGAAAAACTTCTTATCTCTTTTATATTGAAAGAAAAAAAAAATGGATTTTTGGTCATAGGCTGAAAAAGCCGGGGGAGGAACCATTACTTATTTACTTTGAATTAGTGAACAGTTTTTGAATTTTTATCTCAAATCGTGTTTTTATAATAACATAAGAAAATGGATTGACGACTAAGACTAATCAGTATTAATGATTTTCCGAAATCAATCCTTTTCAATTTCCATATGAAATTATAATAACATATATGTGTATATGTAAACCCCAGAACAGATATTTTTACACAGAAAACTAGTTAGGTCTCTATTATGCACTATTCTTATACAATATCATTGTGCTTGAATATTTCATTGAAATATATATTGAATAAAAAAGCAGATTGAATCTCCGAGGTAATTTATTTTTTTGTACCCAATCTGATCGTAATATAATAATATTAGGCAGAAATGGATCAATTATGATATTCTATACAAGACTCCATAAGTGTAATGTGAGTAGCAGAATCTTTTTTTTTTCAGG,726,28.236914600550968,21,26,7,5,10,4,11,7,6,8,4,22,4,26,3,4,36,15,9,4,35,21,15,3,35,6,11,8,6,4,16,14,21,16,4,1,8,9,27,12,11,4,7,4,11,4,11,11,13,2,4,6,19,3,1,8,10,6,2,7,1,4,3,2,tRNA
MW770231.1,CACTTGGCCATGCCGCCCAATCTGATCCAAAATGAATAAAAATTTTATCTATATTCTGTTATTAACTATGATAACTAATTCCTTTTTATCTGGAATCCGAATTTTTCCATTGCGCTTATCCCTTTCAAAAATGAGTTCCTTTTTTTATTGGATTCGGTTTTGATTATTTTATTCAGTTGATTCTATCTCAAAACATACACCGCTTAAAAGAAAAACTTCTTATCTCTTTTATATTGAAAGAAAAAAAAAAATGGATTTTTGGTCATAGGCTGAAAAAGCCGGGGGAGGAACCATTACTTATTTACTTTGAATTAGTGAACAGTTTTTGAATTTTTATCTCAAATCGTGTTTTTATAATAACATAAGAAAATGGATTGACGACTAAGACTAATCAGTATTAATGATTTTCCGAAATCAATCCTTTTCAATTTCCATATGAAATTATAATAACATATATGTGTATATGTAAACCCCAGAACAGATATTTTTACACAGAAAACTAGTTAGGTCTCTATTATGCACTATTCTTATACAATATCATTGTGCTTGAATATTTCATTGAAATATATATTGAATAAAAAAGCAGATTGAATCTCCGAGGTAATTTATTTTTTTGTACCCAATCTGATCGTAATATAATAATATTAGGCAGAAATTGATCAATTATGATATTCTATACAAGACTCCATAAGTGTAATGTGAGTAGCAGAATCTTTTTTTTTTCAGG,727,28.060522696011002,21,26,6,5,10,4,11,6,6,8,4,22,4,26,3,4,37,15,9,4,35,21,15,3,35,6,11,8,6,4,16,13,22,17,4,1,8,9,27,12,11,4,7,4,11,4,11,11,13,2,4,6,19,3,1,8,10,6,2,7,1,4,3,2,tRNA
MW770230.1,CACTTGGCCATGCCGCCCAATCTGATCCAAAATGAATAAAAATTTTATCTATATTCTGTTATTAACTATGATAACTAATTCCTTTTTATCTGGAATCCGAATTTTTCCATTGCGCTTATCCCTTTCAAAAATGAGTTCCTTTTTTTTATTGGATTCGGTTTTGATTATTTTATTCAGTGGATTCTATCTCAAAACATACACCGCTTAAAAGAAAAACTTCTTATCTCTTTTATAGTGAAAGAAAAAAAAAATGGATTTTTGGTCATAGGCTGAAAAAGCCGGGGGAGGAACCATTACTTATTTACTTTGAATTAGTGAACAGTTTTTGAATTTGTATCTCAAATCGTGTTTTTATAATAACATAAGAAAATGGATTGACGACAAAGACTAATCAGTATTAATGATTTTCCGAAATCAATCCTTTTCAATTTCCATATGAAATTATAATAACATATATGTGTATATGTAAACCCCAGAACAGATATTTTTACACAGAAAACTAGTTAGGTCTCTATTATGCACTATTCTTATACAATATCATTGTGCTTGAATATTTCATTGAAATATATATTGAATAAAAAAGCAGATTGAATCTCCGAGGTAATTTATTTTTTTGTACCCAATCTGATCGTAATATAATAATATTAGGCAGAAATTGATCAATTATGATATTCTATACAAGACTCCATAAGTGTAATGTGAGTAGCAGAATCTTTTTTTTTCAGG,726,28.512396694214875,22,26,7,5,10,4,11,7,6,8,4,22,4,25,3,4,36,15,9,4,35,20,15,3,35,8,11,9,6,4,16,13,21,16,4,1,9,10,27,12,11,4,6,4,12,4,11,10,13,2,4,6,19,3,1,9,9,7,2,7,1,4,3,2,tRNA
PP835536.1,CTATCCCGGCATTTTCCTTTTTTTCATTTTAACATAAAAAGAAAAAATGTGTCAACTTTTTTTATTCAAATTTTGTCAAATTTTTTGTCAATTTTAATATGGGGGTAGAGGGACTTGAACCCTCACGGTCTTTAAAGCCAACGGATTTTCATTTTACTACAATTTGCATTGTTGTTAAAATTCACTTGTAAAAACGGACTCTATCTTTATCCTCGTCTCCAAAATAGTTGAAAGATTTTTTAATAATTTTATTACTATTATAATTTTATTACTATTTAGGCAATTAATACATTTCTAGTGCAATTTTTTATCTTTTATTCTATTTAGATAATAAATTCGTTAGGACAGTTTTCTTTGAGTCTCTGCACCTATTTTGTTTTAGTACACAAAATTTGGCTCAGGATTGCCTTCTTTTTATTTTATTTCACCCGAGGTTTTCCTGAAT,445,27.86516853932584,12,34,5,2,2,3,4,2,5,3,6,4,2,22,3,3,29,10,2,1,16,12,10,1,18,2,5,7,6,4,12,2,4,12,5,2,5,5,8,10,6,5,7,3,10,3,5,7,4,4,3,2,4,0,0,3,8,7,6,6,3,1,2,2,tRNA
OR440605.1,GCTTGGTATGGAACTTACTAAGTGATAACTTTCAAATTCAGAGAAACCCTGGAATTAAAAATGGGCAATCCTGAGCCAAATCCTGTTTTCCGAAAACAAACAAAGGTTCAAAAAGACAGAATAAAAAAAAGGATAGGTGCAGAGACTCAATGGAAGCTGTTCTAACAAATGGAGTTGGCTGCGTTGCATTAGTAAAGTAAAGTAAAGGAAAGGAATCCTTCCGTTAAAACTCCAGAAAGGATAAAGTAAAGGATAACCCTATATTCATATGTATACGTATTGAAATACTATCTCAAATGATTAAAATGATTAATAGGGGCCGAATCCATATATATATTTTTTTTTATCTTTATATTTATATTTTTTTATCTTTATATTTATATGAAAAATGAAATAAAAAAAATTGTTTTGAATTGATTCCAAGTTGAAGAAAGGATTGAATTTTAATTGATCAAATCATTCGCTCCATAGTCTGATAGATAACTGATTAATCGGACGAGAATAAAGATAGAGTCCCATTCTACATGTCAATATCGACAACAAGGAAATTTATAGTAAGAGGAAAATCCGTCGACTTTAAAAATCGTGAGGGTTCAAGTCCCTCTATCCCCAAAAAAGGCCCGTTCGACTCCCTAATTATTTTTATCCTATTCTCTCTTTTCATTAACTCATTAACGGTTCAATTTTCGTTATCTTTCTCATTCATTCGATTCTTTCACAAACATATCCAGACTTAATTTCTTTTCACAAGTCTTGTGTTGTGATAGATATGATACACATACAAATAAACATCTTTGAGCAAAACAAGGAATCCCCGTTGGAAATTGGAATGATTAACAATCCAAATCATTATTCGAACTGAAATTTACGAAGTCGTCTTTTTCTTCTTTCTTTTTTTTTTCTTTTTTTTTTTTTTTTTTAAGATACAAAGCATTCCCGGGTCTGGATAAGAATTTAGAAAAATTTTTTC,970,30.721649484536083,43,38,17,9,5,9,16,10,14,26,8,28,3,27,4,9,39,19,9,4,24,29,21,4,39,5,19,7,9,3,30,12,20,15,5,4,13,16,32,18,16,3,14,2,25,6,17,12,20,3,7,7,21,1,1,8,8,9,9,8,4,9,10,9,tRNA
MW770232.1,CACTTGGCCATGCCGCCCAATCTGATCCAAAATGAATAAAAATTTTATCTATATTCTGTTATTAACTATGATAACTAATTCCTTTTTATCTGGAATCCGAATTTTTCCATTGCGCTTATCCCTTTCAAAAATGAGTTCCTTTTTTTATTGGATTCGGTTTTGATTATTTTATTCAGTTGATTCTATCTCAAAACATACACCGCTTAAAAGAAAAACTTCTTATCTCTTTTATATTGAAAGAAAAAAAAAATGGATTTTTGGTCATAGGCTGAAAAAGCCGGGGGAGGAACCATTACTTATTTACTTTGAATTAGTGAACAGTTTTTGAATTTTTATCTCAAATCGTGTTTTTATAATAACATAAGAAAATGGATTGACGACTAAGACTAATCAGTATTAATGATTTTCCGAAATCAATCCTTTTCAATTTCCATATGAAATTATAATAACATATATGTGTATATGTAAACCCCAGAACAGATATTTTTACACAGAAAACTAGTTAGGTCTCTATTATGCACTATTCTTATACAATATCATTGTGCTTGAATATTTCATTGAAATATATATTGAATAAAAAAGCAGATTGAATCTCCGAGGTAATTTATTTTTTTGTACCCAATCTGATCGTAATATAATAATATTAGGCAGAAATGGATCAATTATGATATTCTATACAAGACTCCATAAGTGTAATGTGAGTAGCAGAATCTTTTTTTTTTCAGG,726,28.236914600550968,21,26,7,5,10,4,11,7,6,8,4,22,4,26,3,4,36,15,9,4,35,21,15,3,35,6,11,8,6,4,16,14,21,16,4,1,8,9,27,12,11,4,7,4,11,4,11,11,13,2,4,6,19,3,1,8,10,6,2,7,1,4,3,2,tRNA
MW770231.1,CACTTGGCCATGCCGCCCAATCTGATCCAAAATGAATAAAAATTTTATCTATATTCTGTTATTAACTATGATAACTAATTCCTTTTTATCTGGAATCCGAATTTTTCCATTGCGCTTATCCCTTTCAAAAATGAGTTCCTTTTTTTATTGGATTCGGTTTTGATTATTTTATTCAGTTGATTCTATCTCAAAACATACACCGCTTAAAAGAAAAACTTCTTATCTCTTTTATATTGAAAGAAAAAAAAAAATGGATTTTTGGTCATAGGCTGAAAAAGCCGGGGGAGGAACCATTACTTATTTACTTTGAATTAGTGAACAGTTTTTGAATTTTTATCTCAAATCGTGTTTTTATAATAACATAAGAAAATGGATTGACGACTAAGACTAATCAGTATTAATGATTTTCCGAAATCAATCCTTTTCAATTTCCATATGAAATTATAATAACATATATGTGTATATGTAAACCCCAGAACAGATATTTTTACACAGAAAACTAGTTAGGTCTCTATTATGCACTATTCTTATACAATATCATTGTGCTTGAATATTTCATTGAAATATATATTGAATAAAAAAGCAGATTGAATCTCCGAGGTAATTTATTTTTTTGTACCCAATCTGATCGTAATATAATAATATTAGGCAGAAATTGATCAATTATGATATTCTATACAAGACTCCATAAGTGTAATGTGAGTAGCAGAATCTTTTTTTTTTCAGG,727,28.060522696011002,21,26,6,5,10,4,11,6,6,8,4,22,4,26,3,4,37,15,9,4,35,21,15,3,35,6,11,8,6,4,16,13,22,17,4,1,8,9,27,12,11,4,7,4,11,4,11,11,13,2,4,6,19,3,1,8,10,6,2,7,1,4,3,2,tRNA
MW770230.1,CACTTGGCCATGCCGCCCAATCTGATCCAAAATGAATAAAAATTTTATCTATATTCTGTTATTAACTATGATAACTAATTCCTTTTTATCTGGAATCCGAATTTTTCCATTGCGCTTATCCCTTTCAAAAATGAGTTCCTTTTTTTTATTGGATTCGGTTTTGATTATTTTATTCAGTGGATTCTATCTCAAAACATACACCGCTTAAAAGAAAAACTTCTTATCTCTTTTATAGTGAAAGAAAAAAAAAATGGATTTTTGGTCATAGGCTGAAAAAGCCGGGGGAGGAACCATTACTTATTTACTTTGAATTAGTGAACAGTTTTTGAATTTGTATCTCAAATCGTGTTTTTATAATAACATAAGAAAATGGATTGACGACAAAGACTAATCAGTATTAATGATTTTCCGAAATCAATCCTTTTCAATTTCCATATGAAATTATAATAACATATATGTGTATATGTAAACCCCAGAACAGATATTTTTACACAGAAAACTAGTTAGGTCTCTATTATGCACTATTCTTATACAATATCATTGTGCTTGAATATTTCATTGAAATATATATTGAATAAAAAAGCAGATTGAATCTCCGAGGTAATTTATTTTTTTGTACCCAATCTGATCGTAATATAATAATATTAGGCAGAAATTGATCAATTATGATATTCTATACAAGACTCCATAAGTGTAATGTGAGTAGCAGAATCTTTTTTTTTCAGG,726,28.512396694214875,22,26,7,5,10,4,11,7,6,8,4,22,4,25,3,4,36,15,9,4,35,20,15,3,35,8,11,9,6,4,16,13,21,16,4,1,9,10,27,12,11,4,6,4,12,4,11,10,13,2,4,6,19,3,1,9,9,7,2,7,1,4,3,2,tRNA
XR_011390943.1,TACCTGGTTGATCCTGCCAGTAGCATATGCTTGTCTCAAAGATTAAGCCATGCATGTCTAAGTACGCACGGCCGGTACAGTGAAACTGCGAATGGCTCATTAAATCAGTTATGGTTCCTTTGGTCGCTCGCTCCTCTCCTACTTGGATAACTGTGGTAATTCTAGAGCTAATACATGCCGACGGGCGCTGACCCCCTTCGCGGGGGGGATGCGTGCATTTATCAGATCAAAACCAACCCGGTCAGCCTCCCCCCGGCCCCGGCCGGGGGGGTGGGCGCCGGCGGCTTTGGTGACTCTAGATAACCTCGGGCCGATCGCACGCCCTCCGTGGCGGCGACGACCCATTCGAACGTCTGCCCTATCAACTTTCGATGGTAGTCGCCGTGCCTACCATGGTGACCACGGGTGACGGGGAATCAGGGTTCGATTCCGGAGAGGGAGCCTGAGAAACGGCTACCACATCCAAGGAAGGCAGCAGGCGCGCAAATTACCCACTCCCGACCCGGGGAGGTAGTGACGAAAAATAACAATACAGGACTCTTTCGAGGCCCTGTAATTGGAATGAGTCCACTTTAAATCCTTTAACGAGGATCCATTGGAGGGCAAGTCTGGTGCCAGCAGCCGCGGTAATTCCAGCTCCAATAGCGTATATTAAAGTTGCTGCAGTTAAAAAGCTCGTAGTTGGATCTTGGGAGTGGGCGGGCGGTCCGCCACGAGGCGAGCCACCGCCCGTCCCCGCCCCTTGCCTCTCGGCGCCCCCTTGATGCTCTTAGCTGAGTGTCCCGCGGGGCCCGAAGCGTTTACTTTGAAAAAATTAGAGTGTTCAAAGCAGGCCCGAGCCGCCTGGATACCGCAGCTAGGAATAATGGAATAGGACCGCGGTTCTATTTTGTTGGTTTTCGGAACTGAGGCCATGATTAAGAGGGACGGCCGGGGGCATTCGTATTGCGCCGCTAGAGGTGAAATTCTTGGACCGGCGCAAGACGGACCAGAGCGAAAGCATTTGCCAAGAATGTTTTCATTAATCAAGAACGAAAGTCGGAGGTTCGAAGACGATCAGATACCGTCGTAGTTCCGACCATAAACGATGCCGACTGGCGATGCGGCGGCGTTATTCCCATGACCTGCCGGGCAGCTTCCGGGAAACCAAAGTCTTTGGGTTCCGGGGGGAGTATGGTTGCAAAGCTGAAACTTAAAGGAATTGACGGAAGGGCACCACCAGGAGTGGAGCCTGCGGCTTAATTTGACTCAACACGGGAAACCTCACCCGGCCCGGACACGGACAGGATTGACAGATTGATAGCTCTTTCTCGATTCCGTGGGTGGTGGTGCATGGCCATTCTTAGTTGGTGGAGCGATTTGTCTGGTTAATTCCGATAACGAACGAGACTCTGGCATGCTAACTAGTTACGCGACCCCCGAGCGGTCGGCGTCCCCCAACTTCTTAGAGGGACAAGTGGCGTTCAGCCACCCGAGATTGAGCAATAACAGGTCTGTGATGCCCTTAGATGTCCGGGGCTGCACGCGCGCTACACTGACTGGCTCAGTGTGTGCCTACCCTACGCCGGCAGGCGCGGGTAACCCGTTGAACCCCATTCGTGATGGGGATCGGGGATTGCAATTATTCCCCATGAACGAGGAATTCCCAGTAAGTGCGGGTCATAAGCTTGCGTTGATTAAGTCCCTGCCCTTTGTACACACCGCCTGTCGCTACTACCGATTGGATGGTTTAGTGAGGCCCTCGGATCGGCCCCGCCGGGGTCGGCCCACGGCCCTGGCGGAGCGCTGAGAAAACGGTCGAACTTGACTATCTAGAGGAAGTAAAAGTCGTAACAAGGTTTCCGTAGGTGAACCTGCGGAAGGATCATTA,1870,55.56149732620321,25,20,43,28,26,34,22,39,31,29,30,33,47,26,46,37,37,27,31,26,11,30,22,29,26,29,29,14,22,31,30,25,32,34,25,34,29,14,17,18,23,18,26,32,21,36,29,21,35,55,29,47,17,31,38,19,20,21,25,19,28,35,27,20,rRNA
XR_011385089.1,GACTCTTAGCGGTGGATCACTCGGCTCGTGCGTCGATGAAGAACGCAGCTAGCTGCGAGAATTAATGTGAATTGCAGGACACATTGATCATCGACACTTCGAACGCACTTGCGGCCCCGGGTTCCTCCCGGGGCTACGCCTGTCTGAGCGTCG,153,57.51633986928104,0,0,2,3,2,2,2,1,1,1,2,5,2,2,3,2,3,3,0,4,0,1,2,4,3,3,2,2,4,4,2,2,4,3,3,2,0,2,0,2,2,4,1,0,0,2,2,4,3,5,3,2,3,3,5,0,2,2,3,1,3,4,6,3,rRNA
XR_011385088.1,GACTCTTAGCGGTGGATCACTCGGCTCGTGCGTCGATGAAGAACGCAGCTAGCTGCGAGAATTAATGTGAATTGCAGGACACATTGATCATCGACACTTCGAACGCACTTGCGGCCCCGGGTTCCTCCCGGGGCTACGCCTGTCTGAGCGTCG,153,57.51633986928104,0,0,2,3,2,2,2,1,1,1,2,5,2,2,3,2,3,3,0,4,0,1,2,4,3,3,2,2,4,4,2,2,4,3,3,2,0,2,0,2,2,4,1,0,0,2,2,4,3,5,3,2,3,3,5,0,2,2,3,1,3,4,6,3,rRNA
XR_011385087.1,TACCTGGTTGATCCTGCCAGTAGCATATGCTTGTCTCAAAGATTAAGCCATGCATGTCTAAGTACGCACGGCCGGTACAGTGAAACTGCGAATGGCTCATTAAATCAGTTATGGTTCCTTTGGTCGCTCGCTCCTCTCCTACTTGGATAACTGTGGTAATTCTAGAGCTAATACATGCCGACGGGCGCTGACCCCCTTCGCGGGGGGGATGCGTGCATTTATCAGATCAAAACCAACCCGGTCAGCCTCCCCCCGGCCCCGGCCGGGGGGGTGGGCGCCGGCGGCTTTGGTGACTCTAGATAACCTCGGGCCGATCGCACGCCCTCCGTGGCGGCGACGACCCATTCGAACGTCTGCCCTATCAACTTTCGATGGTAGTCGCCGTGCCTACCATGGTGACCACGGGTGACGGGGAATCAGGGTTCGATTCCGGAGAGGGAGCCTGAGAAACGGCTACCACATCCAAGGAAGGCAGCAGGCGCGCAAATTACCCACTCCCGACCCGGGGAGGTAGTGACGAAAAATAACAATACAGGACTCTTTCGAGGCCCTGTAATTGGAATGAGTCCACTTTAAATCCTTTAACGAGGATCCATTGGAGGGCAAGTCTGGTGCCAGCAGCCGCGGTAATTCCAGCTCCAATAGCGTATATTAAAGTTGCTGCAGTTAAAAAGCTCGTAGTTGGATCTTGGGAGCGGGCGGGCGGTCCGCCGCGAGGCGAGCCACCGCCCGTCCCCGCCCCTTGCCTCTCGGCGCCCCCTCGATGCTCTTAGCTGAGTGTCCCGCGGGGCCCGAAGCGTTTACTTTGAAAAAATTAGAGTGTTCAAAGCAGGCCCGAGCCGCCTGGATACCGCAGCTAGGAATAATGGAATAGGACCGCGGTTCTATTTTGTTGGTTTTCGGAACTGAGGCCATGATTAAGAGGGACGGCCGGGGGCATTCGTATTGCGCCGCTAGAGGTGAAATTCTTGGACCGGCGCAAGACGGACCAGAGCGAAAGCATTTGCCAAGAATGTTTTCATTAATCAAGAACGAAAGTCGGAGGTTCGAAGACGATCAGATACCGTCGTAGTTCCGACCATAAACGATGCCGACTGGCGATGCGGCGGCGTTATTCCCATGACCCGCCGGGCAGCTTCCGGGAAACCAAAGTCTTTGGGTTCCGGGGGGAGTATGGTTGCAAAGCTGAAACTTAAAGGAATTGACGGAAGGGCACCACCAGGAGTGGAGCCTGCGGCTTAATTTGACTCAACACGGGAAACCTCACCCGGCCCGGACACGGACAGGATTGACAGATTGATAGCTCTTTCTCGATTCCGTGGGTGGTGGTGCATGGCCGTTCTTAGTTGGTGGAGCGATTTGTCTGGTTAATTCCGATAACGAACGAGACTCTGGCATGCTAACTAGTTACGCGACCCCCGAGCGGTCGGCGTCCCCCAACTTCTTAGAGGGACAAGTGGCGTTCAGCCACCCGAGATTGAGCAATAACAGGTCTGTGATGCCCTTAGATGTCCGGGGCTGCACGCGCGCTACACTGACTGGCTCAGCGTGTGCCTACCCTACGCCGGCAGGCGCGGGTAACCCGTTGAACCCCATTCGTGATGGGGATCGGGGATTGCAATTATTCCCCATGAACGAGGAATTCCCAGTAAGTGCGGGTCATAAGCTTGCGTTGATTAAGTCCCTGCCCTTTGTACACACCGCCCGTCGCTACTACCGATTGGATGGTTTAGTGAGGCCCTCGGATCGGCCCCGCCGGGGTCGGCCCACGGCCCTGGCGGAGCGCTGAGAAGACGGTCGAACTTGACTATCTAGAGGAAGTAAAAGTCGTAACAAGGTTTCCGTAGGTGAACCTGCGGAAGGATCATTA,1870,55.98930481283423,24,20,43,26,26,34,23,38,31,30,28,33,47,26,46,39,36,26,29,26,11,30,22,31,26,27,29,13,23,30,30,25,31,33,25,34,27,14,17,18,22,17,27,32,21,36,28,21,35,56,30,51,17,33,41,19,20,21,25,19,27,36,28,23,rRNA
XR_011385086.1,TACCTGGTTGATCCTGCCAGTAGCATATGCTTGTCTCAAAGATTAAGCCATGCATGTCTAAGTACGCACGGCCGGTACAGTGAAACTGCGAATGGCTCATTAAATCAGTTATGGTTCCTTTGGTCGCTCGCTCCTCTCCTACTTGGATAACTGTGGTAATTCTAGAGCTAATACATGCCGACGGGCGCTGACCCCCTTCGCGGGGGGGATGCGTGCATTTATCAGATCAAAACCAACCCGGTCAGCCTCCCCCCGGCCCCGGCCGGGGGGGTGGGCGCCGGCGGCTTTGGTGACTCTAGATAACCTCGGGCCGATCGCACGCCCTCCGTGGCGGCGACGACCCATTCGAACGTCTGCCCTATCAACTTTCGATGGTAGTCGCCGTGCCTACCATGGTGACCACGGGTGACGGGGAATCAGGGTTCGATTCCGGAGAGGGAGCCTGAGAAACGGCTACCACATCCAAGGAAGGCAGCAGGCGCGCAAATTACCCACTCCCGACCCGGGGAGGTAGTGACGAAAAATAACAATACAGGACTCTTTCGAGGCCCTGTAATTGGAATGAGTCCACTTTAAATCCTTTAACGAGGATCCATTGGAGGGCAAGTCTGGTGCCAGCAGCCGCGGTAATTCCAGCTCCAATAGCGTATATTAAAGTTGCTGCAGTTAAAAAGCTCGTAGTTGGATCTTGGGAGCGGGCGGGCGGTCCGCCGCGAGGCGAGCCACCGCCCGTCCCCGCCCCTTGCCTCTCGGCGCCCCCTCGATGCTCTTAGCTGAGTGTCCCGCGGGGCCCGAAGCGTTTACTTTGAAAAAATTAGAGTGTTCAAAGCAGGCCCGAGCCGCCTGGATACCGCAGCTAGGAATAATGGAATAGGACCGCGGTTCTATTTTGTTGGTTTTCGGAACTGAGGCCATGATTAAGAGGGACGGCCGGGGGCATTCGTATTGCGCCGCTAGAGGTGAAATTCTTGGACCGGCGCAAGACGGACCAGAGCGAAAGCATTTGCCAAGAATGTTTTCATTAATCAAGAACGAAAGTCGGAGGTTCGAAGACGATCAGATACCGTCGTAGTTCCGACCATAAACGATGCCGACTGGCGATGCGGCGGCGTTATTCCCATGACCCGCCGGGCAGCTTCCGGGAAACCAAAGTCTTTGGGTTCCGGGGGGAGTATGGTTGCAAAGCTGAAACTTAAAGGAATTGACGGAAGGGCACCACCAGGAGTGGAGCCTGCGGCTTAATTTGACTCAACACGGGAAACCTCACCCGGCCCGGACACGGACAGGATTGACAGATTGATAGCTCTTTCTCGATTCCGTGGGTGGTGGTGCATGGCCGTTCTTAGTTGGTGGAGCGATTTGTCTGGTTAATTCCGATAACGAACGAGACTCTGGCATGCTAACTAGTTACGCGACCCCCGAGCGGTCGGCGTCCCCCAACTTCTTAGAGGGACAAGTGGCGTTCAGCCACCCGAGATTGAGCAATAACAGGTCTGTGATGCCCTTAGATGTCCGGGGCTGCACGCGCGCTACACTGACTGGCTCAGCGTGTGCCTACCCTACGCCGGCAGGCGCGGGTAACCCGTTGAACCCCATTCGTGATGGGGATCGGGGATTGCAATTATTCCCCATGAACGAGGAATTCCCAGTAAGTGCGGGTCATAAGCTTGCGTTGATTAAGTCCCTGCCCTTTGTACACACCGCCCGTCGCTACTACCGATTGGATGGTTTAGTGAGGCCCTCGGATCGGCCCCGCCGGGGTCGGCCCACGGCCCTGGCGGAGCGCTGAGAAGACGGTCGAACTTGACTATCTAGAGGAAGTAAAAGTCGTAACAAGGTTTCCGTAGGTGAACCTGCGGAAGGATCATTA,1870,55.98930481283423,24,20,43,26,26,34,23,38,31,30,28,33,47,26,46,39,36,26,29,26,11,30,22,31,26,27,29,13,23,30,30,25,31,33,25,34,27,14,17,18,22,17,27,32,21,36,28,21,35,56,30,51,17,33,41,19,20,21,25,19,27,36,28,23,rRNA
XR_011390943.1,TACCTGGTTGATCCTGCCAGTAGCATATGCTTGTCTCAAAGATTAAGCCATGCATGTCTAAGTACGCACGGCCGGTACAGTGAAACTGCGAATGGCTCATTAAATCAGTTATGGTTCCTTTGGTCGCTCGCTCCTCTCCTACTTGGATAACTGTGGTAATTCTAGAGCTAATACATGCCGACGGGCGCTGACCCCCTTCGCGGGGGGGATGCGTGCATTTATCAGATCAAAACCAACCCGGTCAGCCTCCCCCCGGCCCCGGCCGGGGGGGTGGGCGCCGGCGGCTTTGGTGACTCTAGATAACCTCGGGCCGATCGCACGCCCTCCGTGGCGGCGACGACCCATTCGAACGTCTGCCCTATCAACTTTCGATGGTAGTCGCCGTGCCTACCATGGTGACCACGGGTGACGGGGAATCAGGGTTCGATTCCGGAGAGGGAGCCTGAGAAACGGCTACCACATCCAAGGAAGGCAGCAGGCGCGCAAATTACCCACTCCCGACCCGGGGAGGTAGTGACGAAAAATAACAATACAGGACTCTTTCGAGGCCCTGTAATTGGAATGAGTCCACTTTAAATCCTTTAACGAGGATCCATTGGAGGGCAAGTCTGGTGCCAGCAGCCGCGGTAATTCCAGCTCCAATAGCGTATATTAAAGTTGCTGCAGTTAAAAAGCTCGTAGTTGGATCTTGGGAGTGGGCGGGCGGTCCGCCACGAGGCGAGCCACCGCCCGTCCCCGCCCCTTGCCTCTCGGCGCCCCCTTGATGCTCTTAGCTGAGTGTCCCGCGGGGCCCGAAGCGTTTACTTTGAAAAAATTAGAGTGTTCAAAGCAGGCCCGAGCCGCCTGGATACCGCAGCTAGGAATAATGGAATAGGACCGCGGTTCTATTTTGTTGGTTTTCGGAACTGAGGCCATGATTAAGAGGGACGGCCGGGGGCATTCGTATTGCGCCGCTAGAGGTGAAATTCTTGGACCGGCGCAAGACGGACCAGAGCGAAAGCATTTGCCAAGAATGTTTTCATTAATCAAGAACGAAAGTCGGAGGTTCGAAGACGATCAGATACCGTCGTAGTTCCGACCATAAACGATGCCGACTGGCGATGCGGCGGCGTTATTCCCATGACCTGCCGGGCAGCTTCCGGGAAACCAAAGTCTTTGGGTTCCGGGGGGAGTATGGTTGCAAAGCTGAAACTTAAAGGAATTGACGGAAGGGCACCACCAGGAGTGGAGCCTGCGGCTTAATTTGACTCAACACGGGAAACCTCACCCGGCCCGGACACGGACAGGATTGACAGATTGATAGCTCTTTCTCGATTCCGTGGGTGGTGGTGCATGGCCATTCTTAGTTGGTGGAGCGATTTGTCTGGTTAATTCCGATAACGAACGAGACTCTGGCATGCTAACTAGTTACGCGACCCCCGAGCGGTCGGCGTCCCCCAACTTCTTAGAGGGACAAGTGGCGTTCAGCCACCCGAGATTGAGCAATAACAGGTCTGTGATGCCCTTAGATGTCCGGGGCTGCACGCGCGCTACACTGACTGGCTCAGTGTGTGCCTACCCTACGCCGGCAGGCGCGGGTAACCCGTTGAACCCCATTCGTGATGGGGATCGGGGATTGCAATTATTCCCCATGAACGAGGAATTCCCAGTAAGTGCGGGTCATAAGCTTGCGTTGATTAAGTCCCTGCCCTTTGTACACACCGCCTGTCGCTACTACCGATTGGATGGTTTAGTGAGGCCCTCGGATCGGCCCCGCCGGGGTCGGCCCACGGCCCTGGCGGAGCGCTGAGAAAACGGTCGAACTTGACTATCTAGAGGAAGTAAAAGTCGTAACAAGGTTTCCGTAGGTGAACCTGCGGAAGGATCATTA,1870,55.56149732620321,25,20,43,28,26,34,22,39,31,29,30,33,47,26,46,37,37,27,31,26,11,30,22,29,26,29,29,14,22,31,30,25,32,34,25,34,29,14,17,18,23,18,26,32,21,36,29,21,35,55,29,47,17,31,38,19,20,21,25,19,28,35,27,20,rRNA
XR_011385089.1,GACTCTTAGCGGTGGATCACTCGGCTCGTGCGTCGATGAAGAACGCAGCTAGCTGCGAGAATTAATGTGAATTGCAGGACACATTGATCATCGACACTTCGAACGCACTTGCGGCCCCGGGTTCCTCCCGGGGCTACGCCTGTCTGAGCGTCG,153,57.51633986928104,0,0,2,3,2,2,2,1,1,1,2,5,2,2,3,2,3,3,0,4,0,1,2,4,3,3,2,2,4,4,2,2,4,3,3,2,0,2,0,2,2,4,1,0,0,2,2,4,3,5,3,2,3,3,5,0,2,2,3,1,3,4,6,3,rRNA
XR_011385088.1,GACTCTTAGCGGTGGATCACTCGGCTCGTGCGTCGATGAAGAACGCAGCTAGCTGCGAGAATTAATGTGAATTGCAGGACACATTGATCATCGACACTTCGAACGCACTTGCGGCCCCGGGTTCCTCCCGGGGCTACGCCTGTCTGAGCGTCG,153,57.51633986928104,0,0,2,3,2,2,2,1,1,1,2,5,2,2,3,2,3,3,0,4,0,1,2,4,3,3,2,2,4,4,2,2,4,3,3,2,0,2,0,2,2,4,1,0,0,2,2,4,3,5,3,2,3,3,5,0,2,2,3,1,3,4,6,3,rRNA
XR_011385087.1,TACCTGGTTGATCCTGCCAGTAGCATATGCTTGTCTCAAAGATTAAGCCATGCATGTCTAAGTACGCACGGCCGGTACAGTGAAACTGCGAATGGCTCATTAAATCAGTTATGGTTCCTTTGGTCGCTCGCTCCTCTCCTACTTGGATAACTGTGGTAATTCTAGAGCTAATACATGCCGACGGGCGCTGACCCCCTTCGCGGGGGGGATGCGTGCATTTATCAGATCAAAACCAACCCGGTCAGCCTCCCCCCGGCCCCGGCCGGGGGGGTGGGCGCCGGCGGCTTTGGTGACTCTAGATAACCTCGGGCCGATCGCACGCCCTCCGTGGCGGCGACGACCCATTCGAACGTCTGCCCTATCAACTTTCGATGGTAGTCGCCGTGCCTACCATGGTGACCACGGGTGACGGGGAATCAGGGTTCGATTCCGGAGAGGGAGCCTGAGAAACGGCTACCACATCCAAGGAAGGCAGCAGGCGCGCAAATTACCCACTCCCGACCCGGGGAGGTAGTGACGAAAAATAACAATACAGGACTCTTTCGAGGCCCTGTAATTGGAATGAGTCCACTTTAAATCCTTTAACGAGGATCCATTGGAGGGCAAGTCTGGTGCCAGCAGCCGCGGTAATTCCAGCTCCAATAGCGTATATTAAAGTTGCTGCAGTTAAAAAGCTCGTAGTTGGATCTTGGGAGCGGGCGGGCGGTCCGCCGCGAGGCGAGCCACCGCCCGTCCCCGCCCCTTGCCTCTCGGCGCCCCCTCGATGCTCTTAGCTGAGTGTCCCGCGGGGCCCGAAGCGTTTACTTTGAAAAAATTAGAGTGTTCAAAGCAGGCCCGAGCCGCCTGGATACCGCAGCTAGGAATAATGGAATAGGACCGCGGTTCTATTTTGTTGGTTTTCGGAACTGAGGCCATGATTAAGAGGGACGGCCGGGGGCATTCGTATTGCGCCGCTAGAGGTGAAATTCTTGGACCGGCGCAAGACGGACCAGAGCGAAAGCATTTGCCAAGAATGTTTTCATTAATCAAGAACGAAAGTCGGAGGTTCGAAGACGATCAGATACCGTCGTAGTTCCGACCATAAACGATGCCGACTGGCGATGCGGCGGCGTTATTCCCATGACCCGCCGGGCAGCTTCCGGGAAACCAAAGTCTTTGGGTTCCGGGGGGAGTATGGTTGCAAAGCTGAAACTTAAAGGAATTGACGGAAGGGCACCACCAGGAGTGGAGCCTGCGGCTTAATTTGACTCAACACGGGAAACCTCACCCGGCCCGGACACGGACAGGATTGACAGATTGATAGCTCTTTCTCGATTCCGTGGGTGGTGGTGCATGGCCGTTCTTAGTTGGTGGAGCGATTTGTCTGGTTAATTCCGATAACGAACGAGACTCTGGCATGCTAACTAGTTACGCGACCCCCGAGCGGTCGGCGTCCCCCAACTTCTTAGAGGGACAAGTGGCGTTCAGCCACCCGAGATTGAGCAATAACAGGTCTGTGATGCCCTTAGATGTCCGGGGCTGCACGCGCGCTACACTGACTGGCTCAGCGTGTGCCTACCCTACGCCGGCAGGCGCGGGTAACCCGTTGAACCCCATTCGTGATGGGGATCGGGGATTGCAATTATTCCCCATGAACGAGGAATTCCCAGTAAGTGCGGGTCATAAGCTTGCGTTGATTAAGTCCCTGCCCTTTGTACACACCGCCCGTCGCTACTACCGATTGGATGGTTTAGTGAGGCCCTCGGATCGGCCCCGCCGGGGTCGGCCCACGGCCCTGGCGGAGCGCTGAGAAGACGGTCGAACTTGACTATCTAGAGGAAGTAAAAGTCGTAACAAGGTTTCCGTAGGTGAACCTGCGGAAGGATCATTA,1870,55.98930481283423,24,20,43,26,26,34,23,38,31,30,28,33,47,26,46,39,36,26,29,26,11,30,22,31,26,27,29,13,23,30,30,25,31,33,25,34,27,14,17,18,22,17,27,32,21,36,28,21,35,56,30,51,17,33,41,19,20,21,25,19,27,36,28,23,rRNA
XR_011385086.1,TACCTGGTTGATCCTGCCAGTAGCATATGCTTGTCTCAAAGATTAAGCCATGCATGTCTAAGTACGCACGGCCGGTACAGTGAAACTGCGAATGGCTCATTAAATCAGTTATGGTTCCTTTGGTCGCTCGCTCCTCTCCTACTTGGATAACTGTGGTAATTCTAGAGCTAATACATGCCGACGGGCGCTGACCCCCTTCGCGGGGGGGATGCGTGCATTTATCAGATCAAAACCAACCCGGTCAGCCTCCCCCCGGCCCCGGCCGGGGGGGTGGGCGCCGGCGGCTTTGGTGACTCTAGATAACCTCGGGCCGATCGCACGCCCTCCGTGGCGGCGACGACCCATTCGAACGTCTGCCCTATCAACTTTCGATGGTAGTCGCCGTGCCTACCATGGTGACCACGGGTGACGGGGAATCAGGGTTCGATTCCGGAGAGGGAGCCTGAGAAACGGCTACCACATCCAAGGAAGGCAGCAGGCGCGCAAATTACCCACTCCCGACCCGGGGAGGTAGTGACGAAAAATAACAATACAGGACTCTTTCGAGGCCCTGTAATTGGAATGAGTCCACTTTAAATCCTTTAACGAGGATCCATTGGAGGGCAAGTCTGGTGCCAGCAGCCGCGGTAATTCCAGCTCCAATAGCGTATATTAAAGTTGCTGCAGTTAAAAAGCTCGTAGTTGGATCTTGGGAGCGGGCGGGCGGTCCGCCGCGAGGCGAGCCACCGCCCGTCCCCGCCCCTTGCCTCTCGGCGCCCCCTCGATGCTCTTAGCTGAGTGTCCCGCGGGGCCCGAAGCGTTTACTTTGAAAAAATTAGAGTGTTCAAAGCAGGCCCGAGCCGCCTGGATACCGCAGCTAGGAATAATGGAATAGGACCGCGGTTCTATTTTGTTGGTTTTCGGAACTGAGGCCATGATTAAGAGGGACGGCCGGGGGCATTCGTATTGCGCCGCTAGAGGTGAAATTCTTGGACCGGCGCAAGACGGACCAGAGCGAAAGCATTTGCCAAGAATGTTTTCATTAATCAAGAACGAAAGTCGGAGGTTCGAAGACGATCAGATACCGTCGTAGTTCCGACCATAAACGATGCCGACTGGCGATGCGGCGGCGTTATTCCCATGACCCGCCGGGCAGCTTCCGGGAAACCAAAGTCTTTGGGTTCCGGGGGGAGTATGGTTGCAAAGCTGAAACTTAAAGGAATTGACGGAAGGGCACCACCAGGAGTGGAGCCTGCGGCTTAATTTGACTCAACACGGGAAACCTCACCCGGCCCGGACACGGACAGGATTGACAGATTGATAGCTCTTTCTCGATTCCGTGGGTGGTGGTGCATGGCCGTTCTTAGTTGGTGGAGCGATTTGTCTGGTTAATTCCGATAACGAACGAGACTCTGGCATGCTAACTAGTTACGCGACCCCCGAGCGGTCGGCGTCCCCCAACTTCTTAGAGGGACAAGTGGCGTTCAGCCACCCGAGATTGAGCAATAACAGGTCTGTGATGCCCTTAGATGTCCGGGGCTGCACGCGCGCTACACTGACTGGCTCAGCGTGTGCCTACCCTACGCCGGCAGGCGCGGGTAACCCGTTGAACCCCATTCGTGATGGGGATCGGGGATTGCAATTATTCCCCATGAACGAGGAATTCCCAGTAAGTGCGGGTCATAAGCTTGCGTTGATTAAGTCCCTGCCCTTTGTACACACCGCCCGTCGCTACTACCGATTGGATGGTTTAGTGAGGCCCTCGGATCGGCCCCGCCGGGGTCGGCCCACGGCCCTGGCGGAGCGCTGAGAAGACGGTCGAACTTGACTATCTAGAGGAAGTAAAAGTCGTAACAAGGTTTCCGTAGGTGAACCTGCGGAAGGATCATTA,1870,55.98930481283423,24,20,43,26,26,34,23,38,31,30,28,33,47,26,46,39,36,26,29,26,11,30,22,31,26,27,29,13,23,30,30,25,31,33,25,34,27,14,17,18,22,17,27,32,21,36,28,21,35,56,30,51,17,33,41,19,20,21,25,19,27,36,28,23,rRNA
XR_011390943.1,TACCTGGTTGATCCTGCCAGTAGCATATGCTTGTCTCAAAGATTAAGCCATGCATGTCTAAGTACGCACGGCCGGTACAGTGAAACTGCGAATGGCTCATTAAATCAGTTATGGTTCCTTTGGTCGCTCGCTCCTCTCCTACTTGGATAACTGTGGTAATTCTAGAGCTAATACATGCCGACGGGCGCTGACCCCCTTCGCGGGGGGGATGCGTGCATTTATCAGATCAAAACCAACCCGGTCAGCCTCCCCCCGGCCCCGGCCGGGGGGGTGGGCGCCGGCGGCTTTGGTGACTCTAGATAACCTCGGGCCGATCGCACGCCCTCCGTGGCGGCGACGACCCATTCGAACGTCTGCCCTATCAACTTTCGATGGTAGTCGCCGTGCCTACCATGGTGACCACGGGTGACGGGGAATCAGGGTTCGATTCCGGAGAGGGAGCCTGAGAAACGGCTACCACATCCAAGGAAGGCAGCAGGCGCGCAAATTACCCACTCCCGACCCGGGGAGGTAGTGACGAAAAATAACAATACAGGACTCTTTCGAGGCCCTGTAATTGGAATGAGTCCACTTTAAATCCTTTAACGAGGATCCATTGGAGGGCAAGTCTGGTGCCAGCAGCCGCGGTAATTCCAGCTCCAATAGCGTATATTAAAGTTGCTGCAGTTAAAAAGCTCGTAGTTGGATCTTGGGAGTGGGCGGGCGGTCCGCCACGAGGCGAGCCACCGCCCGTCCCCGCCCCTTGCCTCTCGGCGCCCCCTTGATGCTCTTAGCTGAGTGTCCCGCGGGGCCCGAAGCGTTTACTTTGAAAAAATTAGAGTGTTCAAAGCAGGCCCGAGCCGCCTGGATACCGCAGCTAGGAATAATGGAATAGGACCGCGGTTCTATTTTGTTGGTTTTCGGAACTGAGGCCATGATTAAGAGGGACGGCCGGGGGCATTCGTATTGCGCCGCTAGAGGTGAAATTCTTGGACCGGCGCAAGACGGACCAGAGCGAAAGCATTTGCCAAGAATGTTTTCATTAATCAAGAACGAAAGTCGGAGGTTCGAAGACGATCAGATACCGTCGTAGTTCCGACCATAAACGATGCCGACTGGCGATGCGGCGGCGTTATTCCCATGACCTGCCGGGCAGCTTCCGGGAAACCAAAGTCTTTGGGTTCCGGGGGGAGTATGGTTGCAAAGCTGAAACTTAAAGGAATTGACGGAAGGGCACCACCAGGAGTGGAGCCTGCGGCTTAATTTGACTCAACACGGGAAACCTCACCCGGCCCGGACACGGACAGGATTGACAGATTGATAGCTCTTTCTCGATTCCGTGGGTGGTGGTGCATGGCCATTCTTAGTTGGTGGAGCGATTTGTCTGGTTAATTCCGATAACGAACGAGACTCTGGCATGCTAACTAGTTACGCGACCCCCGAGCGGTCGGCGTCCCCCAACTTCTTAGAGGGACAAGTGGCGTTCAGCCACCCGAGATTGAGCAATAACAGGTCTGTGATGCCCTTAGATGTCCGGGGCTGCACGCGCGCTACACTGACTGGCTCAGTGTGTGCCTACCCTACGCCGGCAGGCGCGGGTAACCCGTTGAACCCCATTCGTGATGGGGATCGGGGATTGCAATTATTCCCCATGAACGAGGAATTCCCAGTAAGTGCGGGTCATAAGCTTGCGTTGATTAAGTCCCTGCCCTTTGTACACACCGCCTGTCGCTACTACCGATTGGATGGTTTAGTGAGGCCCTCGGATCGGCCCCGCCGGGGTCGGCCCACGGCCCTGGCGGAGCGCTGAGAAAACGGTCGAACTTGACTATCTAGAGGAAGTAAAAGTCGTAACAAGGTTTCCGTAGGTGAACCTGCGGAAGGATCATTA,1870,55.56149732620321,25,20,43,28,26,34,22,39,31,29,30,33,47,26,46,37,37,27,31,26,11,30,22,29,26,29,29,14,22,31,30,25,32,34,25,34,29,14,17,18,23,18,26,32,21,36,29,21,35,55,29,47,17,31,38,19,20,21,25,19,28,35,27,20,rRNA
XR_011385089.1,GACTCTTAGCGGTGGATCACTCGGCTCGTGCGTCGATGAAGAACGCAGCTAGCTGCGAGAATTAATGTGAATTGCAGGACACATTGATCATCGACACTTCGAACGCACTTGCGGCCCCGGGTTCCTCCCGGGGCTACGCCTGTCTGAGCGTCG,153,57.51633986928104,0,0,2,3,2,2,2,1,1,1,2,5,2,2,3,2,3,3,0,4,0,1,2,4,3,3,2,2,4,4,2,2,4,3,3,2,0,2,0,2,2,4,1,0,0,2,2,4,3,5,3,2,3,3,5,0,2,2,3,1,3,4,6,3,rRNA
XR_011385088.1,GACTCTTAGCGGTGGATCACTCGGCTCGTGCGTCGATGAAGAACGCAGCTAGCTGCGAGAATTAATGTGAATTGCAGGACACATTGATCATCGACACTTCGAACGCACTTGCGGCCCCGGGTTCCTCCCGGGGCTACGCCTGTCTGAGCGTCG,153,57.51633986928104,0,0,2,3,2,2,2,1,1,1,2,5,2,2,3,2,3,3,0,4,0,1,2,4,3,3,2,2,4,4,2,2,4,3,3,2,0,2,0,2,2,4,1,0,0,2,2,4,3,5,3,2,3,3,5,0,2,2,3,1,3,4,6,3,rRNA
XR_011385087.1,TACCTGGTTGATCCTGCCAGTAGCATATGCTTGTCTCAAAGATTAAGCCATGCATGTCTAAGTACGCACGGCCGGTACAGTGAAACTGCGAATGGCTCATTAAATCAGTTATGGTTCCTTTGGTCGCTCGCTCCTCTCCTACTTGGATAACTGTGGTAATTCTAGAGCTAATACATGCCGACGGGCGCTGACCCCCTTCGCGGGGGGGATGCGTGCATTTATCAGATCAAAACCAACCCGGTCAGCCTCCCCCCGGCCCCGGCCGGGGGGGTGGGCGCCGGCGGCTTTGGTGACTCTAGATAACCTCGGGCCGATCGCACGCCCTCCGTGGCGGCGACGACCCATTCGAACGTCTGCCCTATCAACTTTCGATGGTAGTCGCCGTGCCTACCATGGTGACCACGGGTGACGGGGAATCAGGGTTCGATTCCGGAGAGGGAGCCTGAGAAACGGCTACCACATCCAAGGAAGGCAGCAGGCGCGCAAATTACCCACTCCCGACCCGGGGAGGTAGTGACGAAAAATAACAATACAGGACTCTTTCGAGGCCCTGTAATTGGAATGAGTCCACTTTAAATCCTTTAACGAGGATCCATTGGAGGGCAAGTCTGGTGCCAGCAGCCGCGGTAATTCCAGCTCCAATAGCGTATATTAAAGTTGCTGCAGTTAAAAAGCTCGTAGTTGGATCTTGGGAGCGGGCGGGCGGTCCGCCGCGAGGCGAGCCACCGCCCGTCCCCGCCCCTTGCCTCTCGGCGCCCCCTCGATGCTCTTAGCTGAGTGTCCCGCGGGGCCCGAAGCGTTTACTTTGAAAAAATTAGAGTGTTCAAAGCAGGCCCGAGCCGCCTGGATACCGCAGCTAGGAATAATGGAATAGGACCGCGGTTCTATTTTGTTGGTTTTCGGAACTGAGGCCATGATTAAGAGGGACGGCCGGGGGCATTCGTATTGCGCCGCTAGAGGTGAAATTCTTGGACCGGCGCAAGACGGACCAGAGCGAAAGCATTTGCCAAGAATGTTTTCATTAATCAAGAACGAAAGTCGGAGGTTCGAAGACGATCAGATACCGTCGTAGTTCCGACCATAAACGATGCCGACTGGCGATGCGGCGGCGTTATTCCCATGACCCGCCGGGCAGCTTCCGGGAAACCAAAGTCTTTGGGTTCCGGGGGGAGTATGGTTGCAAAGCTGAAACTTAAAGGAATTGACGGAAGGGCACCACCAGGAGTGGAGCCTGCGGCTTAATTTGACTCAACACGGGAAACCTCACCCGGCCCGGACACGGACAGGATTGACAGATTGATAGCTCTTTCTCGATTCCGTGGGTGGTGGTGCATGGCCGTTCTTAGTTGGTGGAGCGATTTGTCTGGTTAATTCCGATAACGAACGAGACTCTGGCATGCTAACTAGTTACGCGACCCCCGAGCGGTCGGCGTCCCCCAACTTCTTAGAGGGACAAGTGGCGTTCAGCCACCCGAGATTGAGCAATAACAGGTCTGTGATGCCCTTAGATGTCCGGGGCTGCACGCGCGCTACACTGACTGGCTCAGCGTGTGCCTACCCTACGCCGGCAGGCGCGGGTAACCCGTTGAACCCCATTCGTGATGGGGATCGGGGATTGCAATTATTCCCCATGAACGAGGAATTCCCAGTAAGTGCGGGTCATAAGCTTGCGTTGATTAAGTCCCTGCCCTTTGTACACACCGCCCGTCGCTACTACCGATTGGATGGTTTAGTGAGGCCCTCGGATCGGCCCCGCCGGGGTCGGCCCACGGCCCTGGCGGAGCGCTGAGAAGACGGTCGAACTTGACTATCTAGAGGAAGTAAAAGTCGTAACAAGGTTTCCGTAGGTGAACCTGCGGAAGGATCATTA,1870,55.98930481283423,24,20,43,26,26,34,23,38,31,30,28,33,47,26,46,39,36,26,29,26,11,30,22,31,26,27,29,13,23,30,30,25,31,33,25,34,27,14,17,18,22,17,27,32,21,36,28,21,35,56,30,51,17,33,41,19,20,21,25,19,27,36,28,23,rRNA
XR_011385086.1,TACCTGGTTGATCCTGCCAGTAGCATATGCTTGTCTCAAAGATTAAGCCATGCATGTCTAAGTACGCACGGCCGGTACAGTGAAACTGCGAATGGCTCATTAAATCAGTTATGGTTCCTTTGGTCGCTCGCTCCTCTCCTACTTGGATAACTGTGGTAATTCTAGAGCTAATACATGCCGACGGGCGCTGACCCCCTTCGCGGGGGGGATGCGTGCATTTATCAGATCAAAACCAACCCGGTCAGCCTCCCCCCGGCCCCGGCCGGGGGGGTGGGCGCCGGCGGCTTTGGTGACTCTAGATAACCTCGGGCCGATCGCACGCCCTCCGTGGCGGCGACGACCCATTCGAACGTCTGCCCTATCAACTTTCGATGGTAGTCGCCGTGCCTACCATGGTGACCACGGGTGACGGGGAATCAGGGTTCGATTCCGGAGAGGGAGCCTGAGAAACGGCTACCACATCCAAGGAAGGCAGCAGGCGCGCAAATTACCCACTCCCGACCCGGGGAGGTAGTGACGAAAAATAACAATACAGGACTCTTTCGAGGCCCTGTAATTGGAATGAGTCCACTTTAAATCCTTTAACGAGGATCCATTGGAGGGCAAGTCTGGTGCCAGCAGCCGCGGTAATTCCAGCTCCAATAGCGTATATTAAAGTTGCTGCAGTTAAAAAGCTCGTAGTTGGATCTTGGGAGCGGGCGGGCGGTCCGCCGCGAGGCGAGCCACCGCCCGTCCCCGCCCCTTGCCTCTCGGCGCCCCCTCGATGCTCTTAGCTGAGTGTCCCGCGGGGCCCGAAGCGTTTACTTTGAAAAAATTAGAGTGTTCAAAGCAGGCCCGAGCCGCCTGGATACCGCAGCTAGGAATAATGGAATAGGACCGCGGTTCTATTTTGTTGGTTTTCGGAACTGAGGCCATGATTAAGAGGGACGGCCGGGGGCATTCGTATTGCGCCGCTAGAGGTGAAATTCTTGGACCGGCGCAAGACGGACCAGAGCGAAAGCATTTGCCAAGAATGTTTTCATTAATCAAGAACGAAAGTCGGAGGTTCGAAGACGATCAGATACCGTCGTAGTTCCGACCATAAACGATGCCGACTGGCGATGCGGCGGCGTTATTCCCATGACCCGCCGGGCAGCTTCCGGGAAACCAAAGTCTTTGGGTTCCGGGGGGAGTATGGTTGCAAAGCTGAAACTTAAAGGAATTGACGGAAGGGCACCACCAGGAGTGGAGCCTGCGGCTTAATTTGACTCAACACGGGAAACCTCACCCGGCCCGGACACGGACAGGATTGACAGATTGATAGCTCTTTCTCGATTCCGTGGGTGGTGGTGCATGGCCGTTCTTAGTTGGTGGAGCGATTTGTCTGGTTAATTCCGATAACGAACGAGACTCTGGCATGCTAACTAGTTACGCGACCCCCGAGCGGTCGGCGTCCCCCAACTTCTTAGAGGGACAAGTGGCGTTCAGCCACCCGAGATTGAGCAATAACAGGTCTGTGATGCCCTTAGATGTCCGGGGCTGCACGCGCGCTACACTGACTGGCTCAGCGTGTGCCTACCCTACGCCGGCAGGCGCGGGTAACCCGTTGAACCCCATTCGTGATGGGGATCGGGGATTGCAATTATTCCCCATGAACGAGGAATTCCCAGTAAGTGCGGGTCATAAGCTTGCGTTGATTAAGTCCCTGCCCTTTGTACACACCGCCCGTCGCTACTACCGATTGGATGGTTTAGTGAGGCCCTCGGATCGGCCCCGCCGGGGTCGGCCCACGGCCCTGGCGGAGCGCTGAGAAGACGGTCGAACTTGACTATCTAGAGGAAGTAAAAGTCGTAACAAGGTTTCCGTAGGTGAACCTGCGGAAGGATCATTA,1870,55.98930481283423,24,20,43,26,26,34,23,38,31,30,28,33,47,26,46,39,36,26,29,26,11,30,22,31,26,27,29,13,23,30,30,25,31,33,25,34,27,14,17,18,22,17,27,32,21,36,28,21,35,56,30,51,17,33,41,19,20,21,25,19,27,36,28,23,rRNA
